{"sections":{"main":{"type":"main-article","blocks":{"f80c19d2-1c1e-4146-b1e9-3aa2fe518816":{"type":"search","settings":{"use":true}},"b0867002-3bbc-4b8c-aaf9-f866e37c8be6":{"type":"linklist","settings":{"use":true,"linklist":"categories"}},"2be7e341-2735-47ce-af8d-f40ef4f69565":{"type":"recent_posts","settings":{"use":true}},"86e23b51-e9d8-48cb-8a14-1df888535ada":{"type":"sb_about","settings":{"html":"Lorem ipsum dolor sit amet, consectetuer adipiscing elit, sed diam nonummy nibh euismod tincidunt."}},"73bcedb6-300e-4468-927a-f75627a80f50":{"type":"sb_tags","settings":{"blog_tags_":"Beauty, Cotton, Fashion, Style, Women"}}},"block_order":["f80c19d2-1c1e-4146-b1e9-3aa2fe518816","b0867002-3bbc-4b8c-aaf9-f866e37c8be6","2be7e341-2735-47ce-af8d-f40ef4f69565","86e23b51-e9d8-48cb-8a14-1df888535ada","73bcedb6-300e-4468-927a-f75627a80f50"],"settings":{"width_section":"container","width_content":false,"blog_show_author":true,"blog_show_date":true,"use_sidebar":true}}},"order":["main"]}