{"sections":{"main":{"type":"main-blog","blocks":{"4082142f-5029-429c-81ac-285c232a907e":{"type":"search","settings":{"use":true}},"5f279ee6-d688-42b6-9dfd-fc3683ef1084":{"type":"linklist","settings":{"use":true,"linklist":"categories"}},"1d99c109-38a0-448f-a277-9cba2c4f7308":{"type":"recent_posts","settings":{"use":true}},"d6f92efd-4ec2-4115-ad84-7ddae84abb49":{"type":"sb_about","settings":{"html":"Lorem ipsum dolor sit amet, consectetuer adipiscing elit, sed diam nonummy nibh euismod tincidunt."}},"ad42fe8c-5b72-41e9-86cc-270a27cc06c1":{"type":"sb_tags","settings":{"blog_tags_":"Beauty, Cotton, Fashion, Style, Women"}}},"block_order":["4082142f-5029-429c-81ac-285c232a907e","5f279ee6-d688-42b6-9dfd-fc3683ef1084","1d99c109-38a0-448f-a277-9cba2c4f7308","d6f92efd-4ec2-4115-ad84-7ddae84abb49","ad42fe8c-5b72-41e9-86cc-270a27cc06c1"],"settings":{"width_section":"container","width_content":false,"use_masonry":false,"blog_layout":"01","limit":9,"filters":true,"blog_filters":"Fashion, Lifestyle, Shopping, Sport, Summer Sale, Travel, Winter Sale","blog_show_author":true,"blog_show_date":true,"items_per_row":"2","use_sidebar":false}}},"order":["main"]}