{"wrapper":"div#kt--filter-js.kt--filter-js","sections":{"main":{"type":"collection-template","blocks":{"6adf62aa-bdd2-4e01-87fe-94e57609cf48":{"type":"filter_categories","settings":{"list_categories_linklist":"categories","key":"kt_categories","always_show":false}},"92ca61f1-fdfb-4bad-a6ad-17468f154ca6":{"type":"filter_item","settings":{"title":"Color","tags":"","key":"Color","block_style":"5","use_split":false,"always_show":false}},"fc496820-ab6c-4f2f-b1cb-77856453150a":{"type":"filter_item","settings":{"title":"Size","tags":"","key":"Size","block_style":"1","use_split":false,"always_show":false}},"c7cb9d40-e46e-410f-b9b0-cd69d76956d2":{"type":"filter_item","settings":{"title":"Availability","tags":"","key":"Availability","block_style":"1","use_split":false,"always_show":false}}},"block_order":["6adf62aa-bdd2-4e01-87fe-94e57609cf48","92ca61f1-fdfb-4bad-a6ad-17468f154ca6","fc496820-ab6c-4f2f-b1cb-77856453150a","c7cb9d40-e46e-410f-b9b0-cd69d76956d2"],"settings":{"width_section":"w-100","width_content":true,"sort_enable":true,"masonry":false,"numbershow_enable":true,"gridlist_enable":true,"list_enable":false,"sidebar":"left","grid":"4","layout":"default","limit":16,"grid_layout":"","use_flts":true,"filters_type":"off-canvas"}}},"order":["main"]}