{"layout":"theme.header","sections":{"1628502940867835fb07":{"type":"header-07","blocks":{"1566368019155":{"type":"promo","settings":{"name_item":"Home","button_link":"shopify:\/\/pages\/header-6","icon_font":"","label":"","menu_links_width":"1200px","sub_width":5,"menu_links":"home","promo_width":7,"padding_0":true,"promo_link":"","use_promo_html":true,"page_promo_html":"home-demo","textarea_promo_html":""}},"1566368918749":{"type":"promo","settings":{"name_item":"Categories","button_link":"","icon_font":"","label":"","menu_links_width":"620px","sub_width":8,"menu_links":"categories-1","promo_width":4,"promo_image":"shopify:\/\/shop_images\/banner-1.jpg","padding_0":false,"promo_link":"#","use_promo_html":false,"page_promo_html":"","textarea_promo_html":""}},"1566370135707":{"type":"promo","settings":{"name_item":"Products","button_link":"shopify:\/\/collections\/all","icon_font":"","label":"","menu_links_width":"740px","sub_width":8,"menu_links":"products","promo_width":4,"promo_image":"shopify:\/\/shop_images\/banner-2.jpg","padding_0":false,"promo_link":"#","use_promo_html":false,"page_promo_html":"","textarea_promo_html":""}},"76a027e8-4a7c-4047-aaae-43ffa5950fba":{"type":"standard","settings":{"title":"Pages","button_link":"","icon_font":"","label":"","menu_links":"pages"}},"0d7e9196-1a16-4990-840e-0623a47b0eab":{"type":"standard","settings":{"title":"Blog","button_link":"","icon_font":"","label":"","menu_links":"blog"}},"1566370958829":{"type":"standard","settings":{"title":"Elements","button_link":"#","icon_font":"","label":"","menu_links":"elements"}},"a8c5918b-8926-4991-9173-32d9f44402b3":{"type":"top_menu","settings":{"call_us_show":false,"email_show":false,"social_contact_show":false,"wishlist_show":false,"compare_show":false,"account_show":false,"link_inline_show":false,"link_inline":"","link_dropdown_show":false,"link_dropdown":"","account_dropdown_show":false,"currency_dropdown_show":false,"language_app_show":false,"language_app_html":"","custom_show":true,"custom_html":"<p class=\"welcome-msg\">Welcome to Riode store message or remove it!<\/p>","welcome_msg_show":false,"welcome_msg":"","col":"auto"}},"b6d876ba-198c-48de-840c-a53097949c2a":{"type":"top_menu","settings":{"call_us_show":false,"email_show":false,"social_contact_show":false,"wishlist_show":false,"compare_show":false,"account_show":true,"link_inline_show":true,"link_inline":"top-links","link_dropdown_show":false,"link_dropdown":"","account_dropdown_show":true,"currency_dropdown_show":true,"language_app_show":false,"language_app_html":"","custom_show":false,"custom_html":"","welcome_msg_show":false,"welcome_msg":"","col":"auto"}},"02181262-5082-4128-9003-8ab35bfa18bb":{"type":"special_1","settings":{"button_link":"","title":"<i class=\"d-icon-card\"><\/i>Special Offers","color":"","bg_color":"","color_hv":"","bg_color_hv":""}},"a42e9a56-5ef5-4a6b-a5ea-8119749475d0":{"type":"special_1","settings":{"button_link":"","title":"Buy Riode!","color":"#222222","bg_color":"","color_hv":"","bg_color_hv":""}},"f49db72e-161c-45d0-b7f8-7f09cbe21df7":{"type":"link","settings":{"title":"About us","button_link":"shopify:\/\/pages\/about-us","icon_font":"","label":""}}},"block_order":["1566368019155","1566368918749","1566370135707","76a027e8-4a7c-4047-aaae-43ffa5950fba","0d7e9196-1a16-4990-840e-0623a47b0eab","1566370958829","a8c5918b-8926-4991-9173-32d9f44402b3","b6d876ba-198c-48de-840c-a53097949c2a","02181262-5082-4128-9003-8ab35bfa18bb","a42e9a56-5ef5-4a6b-a5ea-8119749475d0","f49db72e-161c-45d0-b7f8-7f09cbe21df7"],"settings":{"use_header_announcement":false,"sticky_header_announcement":false,"width_announcement":"container","width_content":true,"announcement_reponsive":"{\n  \"0\": {\n    \"slidesPerView\": 1,\n    \"spaceBetween\": 0\n  },\n  \"320\": {\n    \"slidesPerView\": 1,\n    \"spaceBetween\": 0\n  },\n  \"768\": {\n    \"slidesPerView\": 1,\n    \"spaceBetween\": 0\n  },\n  \"992\": {\n    \"slidesPerView\": 1,\n    \"spaceBetween\": 0\n  },\n  \"1200\": {\n    \"slidesPerView\": 1,\n    \"spaceBetween\": 0\n  }\n}","announcement_margin_top":"","announcement_margin_bottom":"","announcement_padding":"","announcement_onm":false,"announcement_ont":false,"use_header_top":true,"sticky_header_top":true,"width_header_top":"container","header_top_margin_top":"","header_top_margin_bottom":"","header_top_padding":"7px 0","header_top_onm":false,"header_top_ont":false,"sticky_menu":true,"width_header":"container","header_margin_top":"","header_margin_bottom":"","header_padding":"","use_call":true,"use_account":false,"use_compare":true,"use_wishlist":true,"use_cart":true,"main_linklist":""}}},"order":["1628502940867835fb07"]}