{"wrapper":"div#kt--psgl-js.kt--psgl-js","sections":{"main":{"type":"product-template","blocks":{"bff05202-1be8-4055-997c-43d939b52504":{"type":"tb_description","settings":{"show_tab":true,"tab_title":"Description","tab_width":"container"}},"aca72470-33d6-4838-9b5b-0d1d9184a25a":{"type":"tb_details","settings":{"show_tab":true,"tab_title":"Additional information","show_vendor":true,"show_type":true,"show_sku":true,"show_weight":true}},"66e69a7f-4c15-4450-928a-80df1e930dfe":{"type":"tb_shipping","disabled":true,"settings":{"show_tab":true,"tab_title":"Shipping & Returns","use_delivery_time":true}},"63e2b185-f4e8-4401-a5e5-0beda8f8d18a":{"type":"tb_review","settings":{"show_tab":true,"tab_title":"Review(s)"}}},"block_order":["bff05202-1be8-4055-997c-43d939b52504","aca72470-33d6-4838-9b5b-0d1d9184a25a","66e69a7f-4c15-4450-928a-80df1e930dfe","63e2b185-f4e8-4401-a5e5-0beda8f8d18a"],"settings":{"width_section":"w-100","width_content":true,"layout":"1","sidebar_left":true,"img_type_prd_single":"normal","use_thumb":true,"use_thumb_vertical":true,"use_thumb_hidden_on_mb":false,"show_shortdes":true,"shortdes_type":"short","gallery":false,"use_zoom":true,"use_wide":true,"use_ask":false,"use_notify_onavai":false,"use_d_c_b":false,"show_quantity_selector":true,"show_add_to_cart_btn":true,"atc_btn":"btn-primary","atc_btn_rounded":"btn-rounded","atc_btn_shadow":true,"atc_btn_big":false,"atc_btn_ani":false,"layout_tabs":"1"}},"163212657111c12436":{"type":"apps","disabled":true,"blocks":{"f6727016-3adf-4054-a7fa-16b0a4bb2edd":{"type":"shopify:\/\/apps\/product-reviews\/blocks\/reviews\/bae150af-8da8-48b2-9867-398188115e5f","settings":{}}},"block_order":["f6727016-3adf-4054-a7fa-16b0a4bb2edd"],"settings":{}},"kt_recently-viewed-products":{"type":"kt_recently-viewed-products","disabled":true,"blocks":{"4e430844-cfab-4733-a9ec-a50cbc238285":{"type":"title","settings":{"title_style":"center","title":"Recently viewed Products","stitle":"","link_to":"","name_link":"","margin_btitle":30}}},"block_order":["4e430844-cfab-4733-a9ec-a50cbc238285"],"settings":{"title":"Recently viewed Products","off_section":false,"off_mobile":false,"off_desktop":false,"width_section":"container","width_content":true,"section_margin_top":"4rem","section_margin_bottom":"6rem","section_padding":"","section_bg":"","section_bg_op":1,"autoplay":false,"use_navigation":false,"nav_style":"-default","nav_mode":"default","nav_position":"nav-default","use_dots":true,"dots_mode":"primary","dots_position":"outside","responsive":"{\n  \"0\": {\n    \"slidesPerView\": 1,\n    \"spaceBetween\": 0\n  },\n  \"375\": {\n    \"slidesPerView\": 2,\n    \"spaceBetween\": 10\n  },\n  \"768\": {\n    \"slidesPerView\": 3,\n    \"spaceBetween\": 20\n  },\n  \"992\": {\n    \"slidesPerView\": 4,\n    \"spaceBetween\": 20\n  },\n  \"1200\": {\n    \"slidesPerView\": 5,\n    \"spaceBetween\": 20\n  },\n  \"1500\": {\n    \"slidesPerView\": 5,\n    \"spaceBetween\": 20\n  }\n}"}},"kt_related-products":{"type":"kt_related-products","blocks":{"74e15d5d-99fa-45c2-9e38-fe4679e202e3":{"type":"title","settings":{"title_style":"center","title":"Related Products","stitle":"","link_to":"","name_link":"","margin_btitle":30}}},"block_order":["74e15d5d-99fa-45c2-9e38-fe4679e202e3"],"settings":{"title":"Related Products","off_section":false,"off_mobile":false,"off_desktop":false,"width_section":"w-100","width_content":true,"section_margin_top":"60px","section_margin_bottom":"60px","section_padding":"","section_bg":"","section_bg_op":1,"product_items":8,"autoplay":false,"use_navigation":false,"nav_style":"-default","nav_mode":"default","nav_position":"nav-default","use_dots":true,"dots_mode":"primary","dots_position":"outside","responsive":"{\n  \"0\": {\n    \"slidesPerView\": 1.3,\n    \"spaceBetween\": 20\n  },\n  \"375\": {\n    \"slidesPerView\": 2,\n    \"spaceBetween\": 20\n  },\n  \"768\": {\n    \"slidesPerView\": 3,\n    \"spaceBetween\": 20\n  },\n  \"992\": {\n    \"slidesPerView\": 4,\n    \"spaceBetween\": 20\n  },\n  \"1200\": {\n    \"slidesPerView\": 5,\n    \"spaceBetween\": 20\n  },\n  \"1500\": {\n    \"slidesPerView\": 5,\n    \"spaceBetween\": 20\n  }\n}"}}},"order":["main","163212657111c12436","kt_recently-viewed-products","kt_related-products"]}