{
  "sections": {
    "1636168033f185e383": {
      "type": "kt_slideshow",
      "blocks": {
        "1636168033f185e383-0": {
          "type": "image",
          "settings": {
            "image": "shopify:\/\/shop_images\/1_a1a59ee8-0001-4e3e-9f07-200e2e745b76.jpg",
            "lazypreload": true,
            "heading": "<span class=\"text-primary fw-bold\">01.&nbsp;&nbsp;<\/span>BEST SELLERS STORE<\/h4>",
            "font_heading": "poppins_n5",
            "subheading": "Our greatest hits <br>for women",
            "font_subheading": "poppins_n8",
            "description": "Starting At <strong class=\"text-primary\">{{2400| money}}<\/strong>",
            "font_description": "poppins_n4",
            "text_alignment_top": 50,
            "text_alignment_left": 10,
            "text_alignment": "",
            "text_alignment_top_mb": 50,
            "text_alignment_left_mb": 10,
            "text_alignment_mb": "",
            "style_btn_1": "btn-dark",
            "style_btn_rounded_1": "btn-rounded",
            "btn_shadow_1": true,
            "link_1": "",
            "textBtn_1": "SHOP NOW",
            "style_btn_2": "btn-white",
            "style_btn_rounded_2": "",
            "btn_shadow_2": true,
            "link_2": "",
            "textBtn_2": "",
            "turnoff": false,
            "title": "Item image",
            "width_section": true,
            "css_block": ""
          }
        },
        "12a6d01e-2dc6-47ec-9c70-0557e4179b9b": {
          "type": "image",
          "settings": {
            "image": "shopify:\/\/shop_images\/2_1264f6df-543e-4af9-8e54-6f8c98380de3.jpg",
            "lazypreload": false,
            "heading": "<span class=\"text-primary fw-bold\">02.&nbsp;<\/span>BEST SELLERS STORE<\/h4>",
            "font_heading": "poppins_n5",
            "subheading": "Big Sale<br>for women",
            "font_subheading": "poppins_n7",
            "description": "Up To<strong class=\"text-primary ms-1 me-1\">$24.00<\/strong><strong>Off<\/strong>",
            "font_description": "poppins_n4",
            "text_alignment_top": 50,
            "text_alignment_left": 90,
            "text_alignment": "",
            "text_alignment_top_mb": 50,
            "text_alignment_left_mb": 90,
            "text_alignment_mb": "",
            "style_btn_1": "btn-white",
            "style_btn_rounded_1": "btn-rounded",
            "btn_shadow_1": true,
            "link_1": "",
            "textBtn_1": "SHOP NOW",
            "style_btn_2": "btn-dark",
            "style_btn_rounded_2": "",
            "btn_shadow_2": false,
            "link_2": "",
            "textBtn_2": "",
            "turnoff": false,
            "title": "Item image",
            "width_section": true,
            "css_block": ""
          }
        },
        "782d32c8-77f8-4d34-bf43-418691a58194": {
          "type": "image",
          "settings": {
            "image": "shopify:\/\/shop_images\/3_8a7049c5-160c-4cd3-8e30-1fc843a80b92.jpg",
            "lazypreload": false,
            "heading": "<span class=\"text-primary fw-bold\">03.&nbsp;<\/span>BEST SELLERS STORE",
            "font_heading": "poppins_n5",
            "subheading": "Fashionable <br>for men's",
            "font_subheading": "poppins_n7",
            "description": "Starting At <strong class=\"text-primary\">{{2400|money}}<\/strong>",
            "font_description": "poppins_n4",
            "text_alignment_top": 50,
            "text_alignment_left": 10,
            "text_alignment": "",
            "text_alignment_top_mb": 50,
            "text_alignment_left_mb": 10,
            "text_alignment_mb": "",
            "style_btn_1": "btn-white btn-outline",
            "style_btn_rounded_1": "btn-rounded",
            "btn_shadow_1": false,
            "link_1": "",
            "textBtn_1": "SHOP NOW",
            "style_btn_2": "btn-dark",
            "style_btn_rounded_2": "",
            "btn_shadow_2": false,
            "link_2": "",
            "textBtn_2": "",
            "turnoff": false,
            "title": "Item image",
            "width_section": true,
            "css_block": ".block_id .slideshow__title,\n.block_id .slideshow__subtitle,\n.block_id .slideshow__description{\ncolor: #fff;\n}"
          }
        },
        "dad60e3c-eec4-4707-8791-133f4f5632bc": {
          "type": "banner",
          "settings": {
            "image": "shopify:\/\/shop_images\/1_feeec878-c694-4caf-b04f-6af1c890ccfc.jpg",
            "desc": "NEW ARRIVALS",
            "color_desc": "#333333",
            "titlex": "Spring Essentials",
            "color_titlex": "#333333",
            "stitle": "",
            "color_stitle": "#333333",
            "name_btn": "SHOP NOW<i class=\"d-icon-arrow-right\"><\/i>",
            "style_btn": "btn-underline btn-link",
            "style_btn_rounded": "",
            "btn_shadow": false,
            "text_align_top": 10,
            "text_align_left": 10,
            "text_align": "",
            "text_align_top_mb": 10,
            "text_align_left_mb": 10,
            "text_align_mb": "",
            "banner-effect": "banner-effect6"
          }
        },
        "d099a318-92fe-41aa-bd5f-fc85fe0c50c6": {
          "type": "banner",
          "settings": {
            "image": "shopify:\/\/shop_images\/2_91dd6361-5379-458f-9d7d-9c4883208625.jpg",
            "desc": "",
            "color_desc": "#ffffff",
            "titlex": "<span style=\"font-weight: 700\">COSMETICS<\/span><br>\n<span style=\"font-weight: 400\">Collection<\/span>",
            "color_titlex": "#232323",
            "stitle": "",
            "color_stitle": "#333333",
            "name_btn": "SHOP NOW<i class=\"d-icon-arrow-right\"><\/i>",
            "style_btn": "btn-underline btn-link",
            "style_btn_rounded": "",
            "btn_shadow": false,
            "text_align_top": 50,
            "text_align_left": 10,
            "text_align": "",
            "text_align_top_mb": 50,
            "text_align_left_mb": 10,
            "text_align_mb": "",
            "banner-effect": "banner-effect6"
          }
        },
        "5f720cd7-f5b4-45a4-b025-29195ad28166": {
          "type": "menu",
          "settings": {
            "bg_color": "#fef0e3"
          }
        }
      },
      "block_order": [
        "1636168033f185e383-0",
        "12a6d01e-2dc6-47ec-9c70-0557e4179b9b",
        "782d32c8-77f8-4d34-bf43-418691a58194",
        "dad60e3c-eec4-4707-8791-133f4f5632bc",
        "d099a318-92fe-41aa-bd5f-fc85fe0c50c6",
        "5f720cd7-f5b4-45a4-b025-29195ad28166"
      ],
      "settings": {
        "title": "Slideshow Master",
        "off_mobile": false,
        "off_desktop": false,
        "width_section": "w-100",
        "width_content": true,
        "section_margin_top": "20px",
        "section_margin_bottom": "",
        "section_padding": "",
        "section_bg": "",
        "section_bg_op": 1,
        "no_overflow": false,
        "fullscreen": false,
        "autoplay": false,
        "use_navigation": false,
        "nav_style": "-default",
        "nav_mode": "default",
        "nav_position": "nav-default",
        "use_dots": true,
        "dots_mode": "default",
        "use_scrollbar": false,
        "h_reponsive": "",
        "h_reponsive_768": "",
        "h_reponsive_992": "",
        "h_reponsive_1200": "",
        "h_reponsive_1400": "",
        "autoplay_speed": 7,
        "responsive": "{\n  \"0\": {\n    \"slidesPerView\": 1,\n    \"spaceBetween\": 10\n  },\n  \"320\": {\n    \"slidesPerView\": 1,\n    \"spaceBetween\": 10\n  },\n  \"768\": {\n    \"slidesPerView\": 1,\n    \"spaceBetween\": 10\n  },\n  \"992\": {\n    \"slidesPerView\": 1,\n    \"spaceBetween\": 10\n  },\n  \"1200\": {\n    \"slidesPerView\": 1,\n    \"spaceBetween\": 10\n  }\n}",
        "width_lg": 3,
        "width_xxl": 3,
        "border_radius": 3,
        "css_section": ".section_id .slideshow__title {\ncolor: #333;\nfont-size: 1em;\nmargin-bottom: .5rem;\n}\n.section_id .slideshow__subtitle{\ncolor: #333;\nfont-size: 1.875em;\nmargin-bottom: .7rem;\nline-height: 1.2;\n}\n.section_id .slideshow__description{\ncolor: #333;\nfont-size: 1em;\nmargin-bottom: 1.2rem;\n}\n.section_id .btn{\npadding: 0.625em 1.188em;\n}"
      }
    },
    "16361859527a526cba": {
      "type": "kt_banner_flexible",
      "blocks": {
        "e6c5e486-0d99-4b44-9c55-deec96e6b232": {
          "type": "it_banner",
          "settings": {
            "turnoff": false,
            "title": "Banner item",
            "width": 12,
            "width_sm": 0,
            "width_md": 12,
            "width_lg": 6,
            "width_xl": 0,
            "width_xxl": 0,
            "image": "shopify:\/\/shop_images\/3_d2a145fb-a3f3-4898-98d7-75a67ca858d0.jpg",
            "image_link": "",
            "blank_link": false,
            "desc": "<span style=\"font-size: 1.25em;font-weight: 600;\">BLACK FRIDAY SALE<\/span>",
            "color_desc": "#e82d7c",
            "titlex": "<span style=\"font-size: 0.800em;font-weight: 700;\">Fingerprints Padlock<\/span>",
            "color_titlex": "#ffffff",
            "stitle": "",
            "color_stitle": "#ffffff",
            "name_btn": "SHOP NOW<i class=\"d-icon-arrow-right\"><\/i>",
            "style_btn": "btn-underline btn-white btn-link",
            "style_btn_rounded": "btn-rounded",
            "btn_shadow": false,
            "name_btn_2": "",
            "image_link_2": "",
            "style_btn_2": "btn-primary",
            "style_btn_rounded_2": "",
            "btn_shadow_2": false,
            "text_align_top": 50,
            "text_align_left": 10,
            "text_align": "",
            "text_align_top_mb": 50,
            "text_align_left_mb": 10,
            "text_align_mb": "",
            "banner-effect": "banner-effect6"
          }
        },
        "9785be95-8106-4e8c-ac1b-b5721733fbdc": {
          "type": "it_banner",
          "settings": {
            "turnoff": false,
            "title": "Banner item",
            "width": 12,
            "width_sm": 6,
            "width_md": 6,
            "width_lg": 3,
            "width_xl": 0,
            "width_xxl": 0,
            "image": "shopify:\/\/shop_images\/4_202e1eb1-ce61-4b0e-813a-ea1d0f8bc485.jpg",
            "image_link": "",
            "blank_link": false,
            "desc": "",
            "color_desc": "#ffffff",
            "titlex": "<span style=\"font-size: 0.867em;font-weight: 700;\">Our Brands<\/span>",
            "color_titlex": "#333333",
            "stitle": "<a href=\"#\">New York<\/a> - <a href=\"#\">Paris<\/a> - <a href=\"#\">Barcelona<\/a><br>                                            <a href=\"#\">Milan<\/a> - <a href=\"#\">Rome<\/a> - <a href=\"#\">London<\/a> - <a href=\"#\">Dubai<\/a><br>                                            <a href=\"#\">Moscow<\/a> - <a href=\"#\">Tokyo<\/a> - <a href=\"#\">Shanghai<\/a><br>                                            <a href=\"#\">Mumbai<\/a> - <a href=\"#\">Melbourne<\/a>",
            "color_stitle": "#666666",
            "name_btn": "",
            "style_btn": "btn-primary",
            "style_btn_rounded": "",
            "btn_shadow": false,
            "name_btn_2": "",
            "image_link_2": "",
            "style_btn_2": "btn-primary",
            "style_btn_rounded_2": "",
            "btn_shadow_2": false,
            "text_align_top": 50,
            "text_align_left": 50,
            "text_align": "center",
            "text_align_top_mb": 50,
            "text_align_left_mb": 50,
            "text_align_mb": "center",
            "banner-effect": "banner-effect6"
          }
        },
        "77e7c83a-3a8a-4219-9aa5-2c03a02d62c0": {
          "type": "it_banner",
          "settings": {
            "turnoff": false,
            "title": "Banner item",
            "width": 12,
            "width_sm": 12,
            "width_md": 6,
            "width_lg": 3,
            "width_xl": 0,
            "width_xxl": 0,
            "image": "shopify:\/\/shop_images\/5_8f1a4853-fbfd-4ab8-8f0b-38cfbaf87b7f.jpg",
            "image_link": "",
            "blank_link": false,
            "desc": "<span style=\"font-size: 14px;font-weight:400\">20% OFF<\/span>",
            "color_desc": "#333333",
            "titlex": "<span style=\"font-size: 18px\">Kids Store<\/span>",
            "color_titlex": "#333333",
            "stitle": "",
            "color_stitle": "#333333",
            "name_btn": "SHOP NOW<i class=\"d-icon-arrow-right\"><\/i>",
            "style_btn": "btn-underline btn-link",
            "style_btn_rounded": "",
            "btn_shadow": false,
            "name_btn_2": "",
            "image_link_2": "",
            "style_btn_2": "btn-primary",
            "style_btn_rounded_2": "",
            "btn_shadow_2": false,
            "text_align_top": 90,
            "text_align_left": 7,
            "text_align": "",
            "text_align_top_mb": 90,
            "text_align_left_mb": 7,
            "text_align_mb": "",
            "banner-effect": ""
          }
        }
      },
      "block_order": [
        "e6c5e486-0d99-4b44-9c55-deec96e6b232",
        "9785be95-8106-4e8c-ac1b-b5721733fbdc",
        "77e7c83a-3a8a-4219-9aa5-2c03a02d62c0"
      ],
      "settings": {
        "title": "Banner Flexible",
        "off_mobile": false,
        "off_desktop": false,
        "width_section": "w-100",
        "width_content": true,
        "section_margin_top": "",
        "section_margin_bottom": "60px",
        "section_padding": "",
        "section_bg": "",
        "section_bg_op": 1,
        "layout_mode": "normal",
        "grid_gutter": 10,
        "border_radius": 3,
        "css_section": ""
      }
    },
    "162911842017396d40": {
      "type": "rd_icon_boxes",
      "blocks": {
        "9d00696e-3c9a-4e39-b1dc-33a7337f247d": {
          "type": "item_icon_side",
          "settings": {
            "icon_font": "d-icon-truck",
            "size": 36,
            "title": "Free Shipping & Return",
            "content": "Free shipping on orders over $99",
            "url": ""
          }
        },
        "346de24d-975a-40ce-9e48-0d1acb935436": {
          "type": "item_icon_side",
          "settings": {
            "icon_font": "d-icon-service",
            "size": 36,
            "title": "Customer Support 24\/7",
            "content": "Instant access to perfect support",
            "url": ""
          }
        },
        "c8b02bff-f109-43ec-9a41-bb17b06e5813": {
          "type": "item_icon_side",
          "settings": {
            "icon_font": "d-icon-secure",
            "size": 36,
            "title": "100% Secure Payment",
            "content": "We ensure secure payment!",
            "url": ""
          }
        }
      },
      "block_order": [
        "9d00696e-3c9a-4e39-b1dc-33a7337f247d",
        "346de24d-975a-40ce-9e48-0d1acb935436",
        "c8b02bff-f109-43ec-9a41-bb17b06e5813"
      ],
      "settings": {
        "title": "Icon Boxes",
        "off_mobile": false,
        "off_desktop": false,
        "width_section": "w-100",
        "width_content": true,
        "section_margin_top": "",
        "section_margin_bottom": "60px",
        "section_padding": "",
        "section_bg": "",
        "section_bg_op": 1,
        "border_top": true,
        "border_bottom": false,
        "border_color": "#ebebeb",
        "color_icon": "#333333",
        "color_title": "#333333",
        "color_desc": "#666666",
        "title_font_weight": "600",
        "use_slide": true,
        "responsive": "{\n  \"0\": {\n    \"slidesPerView\": 1,\n    \"spaceBetween\": 20\n  },\n  \"320\": {\n    \"slidesPerView\": 1.2,\n    \"spaceBetween\": 20\n  },\n  \"476\": {\n    \"slidesPerView\": 2,\n    \"spaceBetween\": 20\n  },\n  \"768\": {\n    \"slidesPerView\": 2,\n    \"spaceBetween\": 20\n  },\n  \"992\": {\n    \"slidesPerView\": 3,\n    \"spaceBetween\": 20\n  },\n  \"1200\": {\n    \"slidesPerView\": 3,\n    \"spaceBetween\": 20\n  }\n}",
        "css_section": ".content_{{section.id}} .icon-boxes-container {\n    overflow: hidden;\n    box-shadow: 0 5px 30px rgba(0, 0, 0, 0.07);\n}\n.content_{{section.id}} .item-wrap {\n    display: flex;\n    justify-content: center;\n}\n.content_{{section.id}} .icon-box-side {\n    width: auto;\n}\n\n.content_{{section.id}} .swiper-slide:not(:last-child) .icon-box::after {\n    content: '';\n    height: 37px;\n    width: 1px;\n    background: #e1e1e1;\n    position: absolute;\n    right: 0;\n    top: 50%;\n    transform: translateY(-50%);\n}"
      }
    },
    "163591206067ad1209": {
      "type": "rd_prds_sc_grid",
      "blocks": {
        "163591206067ad1209-0": {
          "type": "item",
          "settings": {
            "title_style": "center",
            "title": "Featured Products",
            "stitle": "",
            "link_to": "",
            "name_link": "",
            "margin_btitle": 10,
            "products": "best-selling-h2-1",
            "limit_per_row": 4,
            "limit": 8,
            "range_row": 20,
            "load_btn": false,
            "style_btn": "btn-dark btn-outline",
            "style_btn_rounded": "",
            "btn_shadow": false
          }
        }
      },
      "block_order": [
        "163591206067ad1209-0"
      ],
      "settings": {
        "title": "Slide(grid)",
        "off_mobile": false,
        "off_desktop": false,
        "width_section": "w-100",
        "width_content": true,
        "section_margin_top": "",
        "section_margin_bottom": "40px",
        "section_padding": "",
        "section_bg": "",
        "section_bg_op": 1,
        "use_lazyload": true,
        "use_nospace": false
      }
    },
    "16340839546a8e5911": {
      "type": "rd_list_item_cattegories_1",
      "blocks": {
        "161effdb-fd63-4cb5-ae02-55d02685e0fb": {
          "type": "title",
          "settings": {
            "title_style": "center",
            "title": "Our Categories",
            "stitle": "",
            "link_to": "",
            "name_link": "",
            "margin_btitle": 30
          }
        },
        "16340839546a8e5911-0": {
          "type": "item",
          "settings": {
            "image": "shopify:\/\/shop_images\/1_fd557768-9f03-46c5-9867-9fc989688ae0.jpg",
            "link": "",
            "title": "Backpacks & Fashion Bags"
          }
        },
        "405a60b9-f611-47db-951c-1b08d05e74da": {
          "type": "item",
          "settings": {
            "image": "shopify:\/\/shop_images\/2_a32d8e7c-336a-4c98-977f-8de4aef53aab.jpg",
            "link": "",
            "title": "Travel & Clothing"
          }
        },
        "51fd322d-034e-4c5a-b8f1-e67d41e25326": {
          "type": "item",
          "settings": {
            "image": "shopify:\/\/shop_images\/3_73f08b7d-1c81-4db1-9876-c99d0ccfd295.jpg",
            "link": "",
            "title": "Musical instruments"
          }
        },
        "5c476410-7eac-4f3d-8bfa-209480aca148": {
          "type": "item",
          "settings": {
            "image": "shopify:\/\/shop_images\/4_dd1f9b85-bef8-4d79-bf94-e1f488bdb34c.jpg",
            "link": "",
            "title": "Sneakers"
          }
        }
      },
      "block_order": [
        "161effdb-fd63-4cb5-ae02-55d02685e0fb",
        "16340839546a8e5911-0",
        "405a60b9-f611-47db-951c-1b08d05e74da",
        "51fd322d-034e-4c5a-b8f1-e67d41e25326",
        "5c476410-7eac-4f3d-8bfa-209480aca148"
      ],
      "settings": {
        "off_mobile": false,
        "off_desktop": false,
        "title": "List categories",
        "width_section": "w-100",
        "width_content": true,
        "section_margin_top": "",
        "section_margin_bottom": "60px",
        "section_padding": "",
        "section_bg": "",
        "section_bg_op": 1,
        "style": "01",
        "items": 4
      }
    },
    "1635951743130493b4": {
      "type": "rd_prds_sc_slide",
      "blocks": {
        "1635951743130493b4-0": {
          "type": "item",
          "settings": {
            "title_style": "center",
            "title": "Best Sellers",
            "stitle": "",
            "link_to": "",
            "name_link": "",
            "margin_btitle": 20,
            "products": "best-selling-h2-1",
            "limit": 8,
            "load_btn": false,
            "style_btn": "btn-dark btn-outline",
            "style_btn_rounded": "",
            "btn_shadow": false,
            "autoplay": false,
            "use_navigation": true,
            "nav_style": "3",
            "nav_mode": "default",
            "nav_position": "nav-center-center",
            "use_dots": false,
            "dots_mode": "default",
            "dots_position": "inside",
            "responsive": "{\n  \"0\": {\n    \"slidesPerView\": 1,\n    \"spaceBetween\": 0\n  },\n  \"375\": {\n    \"slidesPerView\": 2,\n    \"spaceBetween\": 10\n  },\n  \"768\": {\n    \"slidesPerView\": 3,\n    \"spaceBetween\": 20\n  },\n  \"992\": {\n    \"slidesPerView\": 4,\n    \"spaceBetween\": 20\n  },\n  \"1200\": {\n    \"slidesPerView\": 5,\n    \"spaceBetween\": 20\n  },\n  \"1500\": {\n    \"slidesPerView\": 6,\n    \"spaceBetween\": 20\n  }\n}"
          }
        }
      },
      "block_order": [
        "1635951743130493b4-0"
      ],
      "settings": {
        "title": "Slide(grid)",
        "off_mobile": false,
        "off_desktop": false,
        "width_section": "w-100",
        "width_content": true,
        "section_margin_top": "",
        "section_margin_bottom": "60px",
        "section_padding": "",
        "section_bg": "",
        "section_bg_op": 1,
        "use_lazyload": true
      }
    },
    "1636597550a198f3ec": {
      "type": "rd_call_to_action",
      "blocks": {
        "ea79ce29-0519-4c14-aa0f-f3203de0af21": {
          "type": "item_title",
          "settings": {
            "width": 12,
            "width_sm": 0,
            "width_md": 0,
            "width_lg": 0,
            "width_xl": 0,
            "width_xxl": 0,
            "title": "<span>Sign up to <strong class=\"text-uppercase\" style=\"font-weight: 800\">Riode<\/strong><\/span>",
            "color_title": "#232323",
            "stitle": "It only takes a second to find out about our latest<br> news and promotions...",
            "color_stitle": "#ffffff",
            "title_align": "text-center",
            "margin_btitle": 14
          }
        },
        "3561adeb-7ebc-4b8b-91c6-15e17c0fff05": {
          "type": "design_1",
          "settings": {
            "width": 12,
            "width_sm": 0,
            "width_md": 0,
            "width_lg": 5,
            "width_xl": 0,
            "width_xxl": 0,
            "title": "",
            "color_title": "#ffffff",
            "stitle": "",
            "color_desc": "#ffffff",
            "textBtn": "{{'general.newsletter_form.submit_html' | t}}<i class=\"d-icon-arrow-right\"><\/i>",
            "style_btn": "btn-dark",
            "style_btn_rounded": "btn-round",
            "btn_shadow": false,
            "social_media": true
          }
        }
      },
      "block_order": [
        "ea79ce29-0519-4c14-aa0f-f3203de0af21",
        "3561adeb-7ebc-4b8b-91c6-15e17c0fff05"
      ],
      "settings": {
        "title": "Call to Action",
        "off_mobile": false,
        "off_desktop": false,
        "width_section": "w-100",
        "width_content": true,
        "section_margin_top": "",
        "section_margin_bottom": "60px",
        "section_padding": "60px 0",
        "section_bg": "",
        "section_bg_op": 1,
        "image": "shopify:\/\/shop_images\/cta_368386dd-2bdd-478f-9144-966e23258a06.jpg",
        "use_round": false,
        "color_title": "#333333",
        "color_desc": "#cccccc",
        "color_text_input": "#999999",
        "color_border_input": "#dadada",
        "color_placeholder": "#999999",
        "color_bg_input": "#ffffff",
        "preview": false,
        "css_section": ".section_id .sc-title{\nletter-spacing: -.04em;\nmargin-bottom: 10px;\nfont-weight: 600;\nfont-size: 2.250em;\n}"
      }
    },
    "1634694028f2fa928a": {
      "type": "rd_blog",
      "blocks": {
        "7ad7449c-9a9e-4f08-bf7d-64251e5ab8c9": {
          "type": "title",
          "settings": {
            "title_style": "center",
            "title": "Featured Articles",
            "stitle": "",
            "link_to": "",
            "name_link": "",
            "margin_btitle": 30
          }
        },
        "73c2ab1e-612e-48f5-962f-9e0f63738e80": {
          "type": "1",
          "settings": {
            "blog": "classic",
            "limit": 8,
            "load_btn": false,
            "style_btn": "btn-primary",
            "style_btn_rounded": "",
            "btn_shadow": false
          }
        }
      },
      "block_order": [
        "7ad7449c-9a9e-4f08-bf7d-64251e5ab8c9",
        "73c2ab1e-612e-48f5-962f-9e0f63738e80"
      ],
      "settings": {
        "title": "Related post",
        "off_mobile": false,
        "off_desktop": false,
        "width_section": "w-100",
        "width_content": true,
        "section_margin_top": "",
        "section_margin_bottom": "60px",
        "section_padding": "",
        "section_bg": "",
        "section_bg_op": 1,
        "fweight_title": "600",
        "fsize_stitle": 1.8,
        "color_title": "#333333",
        "margin_btitle": 0.8,
        "fweight_description": "300",
        "fsize_description": 1.4,
        "color_desc": "#999999",
        "margin_bdescription": 0.8,
        "use_lazyload": true,
        "autoplay": false,
        "use_navigation": false,
        "nav_style": "-default",
        "nav_mode": "default",
        "nav_position": "nav-default",
        "use_dots": false,
        "dots_mode": "default",
        "dots_position": "outside",
        "responsive": "{\n  \"0\": {\n    \"slidesPerView\": 1,\n    \"spaceBetween\": 20\n  },\n  \"480\": {\n    \"slidesPerView\": 2,\n    \"spaceBetween\": 20\n  },\n  \"768\": {\n    \"slidesPerView\": 2,\n    \"spaceBetween\": 20\n  },\n  \"992\": {\n    \"slidesPerView\": 3,\n    \"spaceBetween\": 20\n  },\n  \"1200\": {\n    \"slidesPerView\": 3,\n    \"spaceBetween\": 20\n  }\n}",
        "css": ""
      }
    },
    "1636767334cb77ea28": {
      "type": "rd_instagram_1",
      "blocks": {
        "821d3c17-581b-4373-8341-066e215aebe6": {
          "type": "item",
          "settings": {
            "image": "shopify:\/\/shop_images\/4_664ddfef-39f5-4123-98c5-c3ee0f5430e5.jpg",
            "name": "Jenson Gregory",
            "info": "Customer",
            "content": "Lorem ipsum dolor sit amet, consectetuer adipiscing elit. Phasellus hendrerit. Pellente sque aliquet nibh nec urna. In nisi neque"
          }
        },
        "30ee7c51-df59-4a2b-ab20-b4f32bbf7c80": {
          "type": "item",
          "settings": {
            "image": "shopify:\/\/shop_images\/4_664ddfef-39f5-4123-98c5-c3ee0f5430e5.jpg",
            "name": "Jenson Gregory",
            "info": "Customer",
            "content": "Lorem ipsum dolor sit amet, consectetuer adipiscing elit. Phasellus hendrerit. Pellente sque aliquet nibh nec urna. In nisi neque"
          }
        },
        "8a878ee5-82d3-498e-91e8-ec7dc1b78e9f": {
          "type": "item",
          "settings": {
            "image": "shopify:\/\/shop_images\/4_664ddfef-39f5-4123-98c5-c3ee0f5430e5.jpg",
            "name": "Jenson Gregory",
            "info": "Customer",
            "content": "Lorem ipsum dolor sit amet, consectetuer adipiscing elit. Phasellus hendrerit. Pellente sque aliquet nibh nec urna. In nisi neque"
          }
        },
        "e6dc8d9d-bc6c-4295-a384-d138106b099e": {
          "type": "img_i",
          "settings": {
            "image": "shopify:\/\/shop_images\/1_4cf196d6-4462-4bbd-a7de-93fd23ff2397.jpg",
            "image_link": ""
          }
        },
        "35d95e1c-7db3-4c2a-b5b1-e3e84af36098": {
          "type": "img_i",
          "settings": {
            "image": "shopify:\/\/shop_images\/2_37117627-2e06-4dba-8845-08ee6bf03356.jpg",
            "image_link": ""
          }
        },
        "90a88ea0-7992-4fa6-932a-7fb5fc4e99e6": {
          "type": "img_i",
          "settings": {
            "image": "shopify:\/\/shop_images\/3_da8bfb20-cdd1-461c-83be-d90811e9e268.jpg",
            "image_link": ""
          }
        },
        "54ba496e-2a1a-4c59-8da0-3f7b20c8ecb4": {
          "type": "img_i",
          "settings": {
            "image": "shopify:\/\/shop_images\/4_e73b4ad9-90f4-430a-9d6e-110f8c167555.jpg",
            "image_link": ""
          }
        },
        "a072bc82-2299-4d1c-83e9-ecc00861380f": {
          "type": "img_i",
          "settings": {
            "image": "shopify:\/\/shop_images\/5_ca14a9f2-1f24-477c-bcf7-97f306b5863b.jpg",
            "image_link": ""
          }
        },
        "09e70388-416b-42bb-9626-bacadf06f49c": {
          "type": "img_i",
          "settings": {
            "image": "shopify:\/\/shop_images\/6_1ca0a0ee-7157-4e2f-ac16-786917b457dc.jpg",
            "image_link": ""
          }
        },
        "4cf448e2-99ef-48f2-b7de-82e8dfb4188d": {
          "type": "img_i",
          "settings": {
            "image": "shopify:\/\/shop_images\/7_ab3987fa-ac70-4c13-8ff8-57c9d9871bb2.jpg",
            "image_link": ""
          }
        },
        "4c9395f0-dc37-46aa-a4d2-7c85ac0a8540": {
          "type": "img_i",
          "settings": {
            "image": "shopify:\/\/shop_images\/8_ff4dc0c9-0221-4637-8bdd-aa37631a6cc9.jpg",
            "image_link": ""
          }
        }
      },
      "block_order": [
        "821d3c17-581b-4373-8341-066e215aebe6",
        "30ee7c51-df59-4a2b-ab20-b4f32bbf7c80",
        "8a878ee5-82d3-498e-91e8-ec7dc1b78e9f",
        "e6dc8d9d-bc6c-4295-a384-d138106b099e",
        "35d95e1c-7db3-4c2a-b5b1-e3e84af36098",
        "90a88ea0-7992-4fa6-932a-7fb5fc4e99e6",
        "54ba496e-2a1a-4c59-8da0-3f7b20c8ecb4",
        "a072bc82-2299-4d1c-83e9-ecc00861380f",
        "09e70388-416b-42bb-9626-bacadf06f49c",
        "4cf448e2-99ef-48f2-b7de-82e8dfb4188d",
        "4c9395f0-dc37-46aa-a4d2-7c85ac0a8540"
      ],
      "settings": {
        "off_mobile": false,
        "off_desktop": false,
        "title": "Instagram 1",
        "width_section": "w-100",
        "width_content": true,
        "section_margin_top": "",
        "section_margin_bottom": "60px",
        "section_padding": "",
        "section_bg": "",
        "section_bg_op": 1,
        "images_limit": 8,
        "range_row": 4,
        "section_bgy": "#fef0e3",
        "titley": "What they say about us",
        "autoplay": false,
        "use_navigation": false,
        "nav_style": "-default",
        "nav_mode": "default",
        "nav_position": "nav-default",
        "use_dots": true,
        "dots_mode": "default",
        "dots_position": "inside",
        "responsive": "{\n  \"0\": {\n    \"slidesPerView\": 1,\n    \"spaceBetween\": 10\n  },\n  \"320\": {\n    \"slidesPerView\": 1,\n    \"spaceBetween\": 10\n  },\n  \"768\": {\n    \"slidesPerView\": 1,\n    \"spaceBetween\": 10\n  },\n  \"992\": {\n    \"slidesPerView\": 1,\n    \"spaceBetween\": 10\n  },\n  \"1200\": {\n    \"slidesPerView\": 1,\n    \"spaceBetween\": 10\n  }\n}"
      }
    }
  },
  "order": [
    "1636168033f185e383",
    "16361859527a526cba",
    "162911842017396d40",
    "163591206067ad1209",
    "16340839546a8e5911",
    "1635951743130493b4",
    "1636597550a198f3ec",
    "1634694028f2fa928a",
    "1636767334cb77ea28"
  ]
}