{
  "current": {
    "favicon": "shopify:\/\/shop_images\/favicon.png",
    "body_logo_svg_code": "<svg version=\"1.1\" id=\"Layer_1\" xmlns=\"http:\/\/www.w3.org\/2000\/svg\" x=\"0px\" y=\"0px\" viewbox=\"0 0 306 88\" style=\"enable-background:new 0 0 306 88;\" xmlns:xlink=\"http:\/\/www.w3.org\/1999\/xlink\" xml:space=\"preserve\">\n<style type=\"text\/css\">\n\t.st0{fill:var(--bs-primary);}\n\t.st1{fill:#212121;}\n<\/style>\n<g id=\"XMLID_2_\">\n\t<path id=\"XMLID_17_\" class=\"st0\" d=\"M86.3,40.5l-40.1-39c-2-1.9-5.2-1.9-7.1,0.1L1.4,40.4c-1.9,2-1.9,5.2,0.1,7.1l40.1,39\n\t\tc2,1.9,5.2,1.9,7.1-0.1l37.7-38.8C88.3,45.6,88.3,42.4,86.3,40.5z M71.5,45.9L60.4,57.4c-1.1,1.2-3.1,1.2-4.2,0.1L44.7,46.3\n\t\tc-1.2-1.2-1.2-3.1-0.1-4.3l11.2-11.5c1.2-1.2,3.1-1.2,4.2-0.1l11.5,11.2C72.7,42.8,72.7,44.8,71.5,45.9z\"><\/path>\n\t<g id=\"XMLID_1_\">\n\t\t<path id=\"XMLID_3_\" class=\"st1\" d=\"M125.2,17c11.9,0,17.9,7.2,17.9,16c0,6.4-3.3,12.4-10.8,14.7l11.2,20.1h-13.4L120,48.7h-2.8\n\t\t\tv19.2h-11.8V17H125.2z M124.5,27.3h-7.3v12.6h7.3c4.4,0,6.5-2.4,6.5-6.4C131,29.8,128.9,27.3,124.5,27.3z\"><\/path>\n\t\t<path id=\"XMLID_6_\" class=\"st1\" d=\"M150.5,17h11.8v50.9h-11.8V17z\"><\/path>\n\t\t<path id=\"XMLID_8_\" class=\"st1\" d=\"M193.9,68.4c-13.8,0-25-10.8-25-26.1c0-15.3,11.2-26,25-26c13.8,0,24.9,10.7,24.9,26\n\t\t\tC218.8,57.6,207.7,68.4,193.9,68.4z M193.9,57.1c7.8,0,12.8-5.9,12.8-14.8c0-9.1-5.1-14.8-12.8-14.8c-7.9,0-12.9,5.7-12.9,14.8\n\t\t\tC181,51.2,186,57.1,193.9,57.1z\"><\/path>\n\t\t<path id=\"XMLID_11_\" class=\"st1\" d=\"M269,42.5c0,15.1-10,25.4-25.5,25.4h-18.2V17h18.2C259.1,17,269,27.3,269,42.5z M242.8,57.2\n\t\t\tc8.9,0,14.2-5.4,14.2-14.7c0-9.3-5.3-14.9-14.2-14.9h-5.6v29.6H242.8z\"><\/path>\n\t\t<path id=\"XMLID_14_\" class=\"st1\" d=\"M305.5,26.9h-17.9v10.3h15.9v9.6h-15.9V58h17.9v9.9h-29.8V17h29.8V26.9z\"><\/path>\n\t<\/g>\n<\/g>\n<\/svg>",
    "logo_max_width": "153",
    "import_header": "01",
    "use_mobile_bottom_bar": true,
    "phone_contact": "0(800) 123-456",
    "aspect_ratio": "279\/313",
    "use_wishlist": true,
    "use_compare": false,
    "accessToken_instagram": "IGQVJVQ1VuVDhHUjVocFVRb1RSYUkwV243LVVKRm1tdjVibEc2RVJmUTNiS3k0NG82clpmRkxkRUFKZAmxmSmc4ZAmhPS2Y3UVdtU0l6REJNTFJPYTkwYUhzNVJhd3N5ZA0l3N3o5d2I2aTNON1c1bmd3MAZDZD",
    "ajax_cart": true,
    "shipping_calculator": true,
    "use_gift_wrapping": true,
    "gift_wrap_product": "gift-wrapping",
    "type_ajax_cart": "offcanvas",
    "terms_conditions": true,
    "cart_upsell_1": "comfortable-brown-scarf",
    "cart_upsell_2": "mackintosh-poket-backpack",
    "color_body_text": "#666666",
    "color_primary": "#e82d7c",
    "color_secondary": "#232323",
    "color_pr_price": "#222222",
    "color_pr_price_sale": "#e82d7c",
    "color_pr_onsale": "#d26e4b",
    "color_pr_onsoldout": "#cccccc",
    "social_twitter_link": "https:\/\/twitter.com\/shopify",
    "social_facebook_link": "https:\/\/facebook.com\/shopify",
    "social_pinterest_link": "https:\/\/plus.google.com\/?hl=vi",
    "social_instagram_link": "https:\/\/plus.google.com\/?hl=vi",
    "img_type": "stretch",
    "pr_grid_talg": "text-center",
    "use_new_label": false,
    "use_review_grid": true,
    "use_vendor_grid": true,
    "qs_show_vars_list": false,
    "qs_use_name_opt": false,
    "qs_show_first_opt": false,
    "qs_show_list_opt": "",
    "qs_op_swatch1": "Color",
    "qs_option_style_1": "square",
    "qs_op_swatch2": "",
    "show_vendor": true,
    "show_sku": true,
    "use_shipping_info": false,
    "use_delivery_time": false,
    "use_fbt_box": false,
    "use_store_avai": false,
    "show_share_buttons": true,
    "trust_image_prdsingle": true,
    "size_guide": "size-guide",
    "use_name_opt_1_line": false,
    "is_use1": false,
    "option_style_1": "combobox",
    "op1_size": 30,
    "op1_pre_select": false,
    "op_swatch2": "Size",
    "option_style_2": "combobox",
    "op2_size": 30,
    "op2_attach": true,
    "op2_pre_select": false,
    "show_sticky_add": true,
    "show_sticky_add_mobile": true,
    "show_sticky_img": true,
    "qv_use_thumb": false,
    "qv_use_thumb_vertical": false,
    "qv_atc_btn_rounded": "btn-rounded",
    "qv_atc_btn_big": true,
    "search_type_page": false,
    "search_type_article": false,
    "blog_layout": "04",
    "blog_pagination": 10,
    "modal_login": true,
    "terms_conditions_register": true,
    "font_source": "google",
    "font_family_shopify_2": "mono",
    "embed_google_font": "<link href=\"https:\/\/fonts.googleapis.com\/css2?family=Jost:ital,wght@0,300;0,400;0,500;0,600;0,700;0,800;0,900;1,300;1,400;1,500;1,600;1,700;1,800;1,900&amp;family=Oswald:wght@300;400;500;600&amp;family=Poppins:ital,wght@0,300;0,400;0,500;0,600;0,700;0,800;0,900;1,300;1,400;1,500;1,600;1,700;1,800;1,900&amp;display=swap\" rel=\"stylesheet\">",
    "rules_google_font": "font-family: 'Poppins', sans-serif;",
    "font_base": "--f_family_1",
    "fsize_body": 100,
    "fsize_body_mb": 100,
    "font_nav_family": "--f_family_1",
    "fweight_nav": 600,
    "ttranf_main_header": "uppercase",
    "fsize_section_title": 24,
    "fsize_section_title_mb": 18,
    "fweight_section_title": 700,
    "fsize_psingle_title": 26,
    "ttranf_psingle_title": "capitalize",
    "fweight_psingle_title": 700,
    "fsize_psingle_price": 30,
    "show_real_time_visitor": true,
    "bg_count": "#ef5350",
    "show_flash_sold": false,
    "flash_sold_content": "<count style=\"background-color: #ef5350;\">{{\"now\" | date: \"%S\"}}<\/count> sold in last {{\"now\" | date: \"%I\"}} hours",
    "stock_countdown": true,
    "use_progress_bar_out_of_stock": true,
    "threshold_layout": "add_more",
    "use_fbt": true,
    "custom_html_head": "",
    "show_custom_css": true,
    "custom_css": ".container-fluid {\n  max-width: 1820px;\n}\n.container {\n  max-width: 1220px;\n}\n@media (min-width: 1921px) {\n.container, #shopify-product-reviews {\n  max-width: 1220px;\n}\n}\n.header {\nletter-spacing: -.025em;\n}\n\/*.box-search.input-cat-left, .box-search.input-cat-right {\n  border: 2px solid var(--bs-primary);\n}*\/\n._flt_ui .d-flex {\n  flex-wrap: wrap;\n}\n._flt_ui .d-flex &gt;div:first-child {\n  width: 100%;\n  margin-bottom: 1.5rem;\n}\n\n#shopify-product-reviews {\nmax-width: 1990px;\nmargin: 0 auto !important;\n}\n@media (min-width: 1921px) {\n#shopify-product-reviews {\n  max-width: 1190px;\n}\n}\n.main-mn {\n    margin-bottom: 0;\n}\n.main-mn&gt;.mn-i&gt;a {\n    padding: 20px 0;\n}\n.main-mn .special_link a {\n    border-radius:0;\n}\n.mn-i .mn-i&gt;a {\n    font-size: 0.929em;\n}",
    "xs_custom_css": "",
    "sm_custom_css": "",
    "md_custom_css": "",
    "lg_custom_css": "",
    "xl_custom_css": "",
    "sections": {
      "header-mobile": {
        "type": "header-mobile",
        "blocks": {
          "0eec61f1-4a1c-4778-8ef6-7acebe6dba98": {
            "type": "item_menu",
            "settings": {
              "menu_links": "main-menu",
              "title": "Item tab",
              "call_us_show": true,
              "email_show": true,
              "wishlist_show": true,
              "compare_show": true,
              "account_show": true,
              "currency_dropdown_show": true,
              "language_app_show": false,
              "language_app_html": "",
              "custom_show": false,
              "custom_html": ""
            }
          }
        },
        "block_order": [
          "0eec61f1-4a1c-4778-8ef6-7acebe6dba98"
        ],
        "settings": {
          "use_lazy": false,
          "use_search": true
        }
      },
      "custom_color": {
        "type": "custom_color",
        "blocks": {
          "5ccecc1d-939e-4717-a15e-e865ba3ad94c": {
            "type": "label",
            "settings": {
              "title": "hot",
              "color": "#ffffff",
              "bg_color": "#d26e4b"
            }
          },
          "3c2a4d49-9304-4ba2-852b-c6efbba2b063": {
            "type": "label",
            "settings": {
              "title": "new",
              "color": "#ffffff",
              "bg_color": "#2266cc"
            }
          }
        },
        "block_order": [
          "5ccecc1d-939e-4717-a15e-e865ba3ad94c",
          "3c2a4d49-9304-4ba2-852b-c6efbba2b063"
        ],
        "settings": {
        }
      },
      "cookies_popup": {
        "type": "cookies_popup",
        "settings": {
          "cookies_popup_text": "We use cookies to improve your experience on our website. By browsing this website, you agree to our use of cookies.",
          "cookies_information": ""
        }
      },
      "header-01": {
        "type": "header-01",
        "blocks": {
          "b1165e52-fca0-48b8-b771-fea86b3a99bd": {
            "type": "announcement",
            "settings": {
              "message": "<p>Summer Sale Extra <strong>25% OFF<\/strong> with code <strong>SM2018A<\/strong><\/p>"
            }
          },
          "a8c5918b-8926-4991-9173-32d9f44402b3": {
            "type": "top_menu",
            "settings": {
              "call_us_show": false,
              "email_show": false,
              "social_contact_show": false,
              "wishlist_show": false,
              "compare_show": false,
              "account_show": false,
              "link_inline_show": false,
              "link_inline": "",
              "link_dropdown_show": false,
              "link_dropdown": "",
              "account_dropdown_show": false,
              "currency_dropdown_show": false,
              "language_app_show": false,
              "language_app_html": "",
              "custom_show": true,
              "custom_html": "<p class=\"welcome-msg\">Welcome to Riode store message or remove it!<\/p>",
              "welcome_msg_show": false,
              "welcome_msg": "",
              "col": "auto"
            }
          },
          "b6d876ba-198c-48de-840c-a53097949c2a": {
            "type": "top_menu",
            "settings": {
              "call_us_show": false,
              "email_show": false,
              "social_contact_show": false,
              "wishlist_show": false,
              "compare_show": false,
              "account_show": true,
              "link_inline_show": true,
              "link_inline": "top-links-1",
              "link_dropdown_show": false,
              "link_dropdown": "",
              "account_dropdown_show": true,
              "currency_dropdown_show": true,
              "language_app_show": false,
              "language_app_html": "",
              "custom_show": false,
              "custom_html": "",
              "welcome_msg_show": false,
              "welcome_msg": "",
              "col": "auto"
            }
          },
          "1566368019155": {
            "type": "promo",
            "settings": {
              "name_item": "Home",
              "button_link": "\/",
              "icon_font": "",
              "label": "",
              "menu_links_width": "1200px",
              "sub_width": 12,
              "menu_links": "home",
              "cols": 4,
              "promo_width": 12,
              "padding_0": true,
              "promo_link": "",
              "use_promo_html": true,
              "page_promo_html": "home-demo",
              "textarea_promo_html": ""
            }
          },
          "1566368918749": {
            "type": "promo",
            "settings": {
              "name_item": "Categories",
              "button_link": "",
              "icon_font": "",
              "label": "",
              "menu_links_width": "620px",
              "sub_width": 8,
              "menu_links": "categories-1",
              "cols": 2,
              "promo_width": 4,
              "promo_image": "shopify:\/\/shop_images\/banner-1.jpg",
              "padding_0": false,
              "promo_link": "#",
              "use_promo_html": false,
              "page_promo_html": "",
              "textarea_promo_html": ""
            }
          },
          "1566370135707": {
            "type": "promo",
            "settings": {
              "name_item": "Products",
              "button_link": "shopify:\/\/collections\/all",
              "icon_font": "",
              "label": "",
              "menu_links_width": "740px",
              "sub_width": 8,
              "menu_links": "products",
              "cols": 2,
              "promo_width": 4,
              "promo_image": "shopify:\/\/shop_images\/banner-2.jpg",
              "padding_0": false,
              "promo_link": "#",
              "use_promo_html": false,
              "page_promo_html": "",
              "textarea_promo_html": ""
            }
          },
          "76a027e8-4a7c-4047-aaae-43ffa5950fba": {
            "type": "standard",
            "settings": {
              "title": "Pages",
              "button_link": "",
              "icon_font": "",
              "label": "",
              "menu_links": "pages"
            }
          },
          "0d7e9196-1a16-4990-840e-0623a47b0eab": {
            "type": "standard",
            "settings": {
              "title": "Blog",
              "button_link": "",
              "icon_font": "",
              "label": "",
              "menu_links": "blog"
            }
          },
          "1566370958829": {
            "type": "standard",
            "settings": {
              "title": "Elements",
              "button_link": "#",
              "icon_font": "",
              "label": "",
              "menu_links": "elements"
            }
          },
          "f49db72e-161c-45d0-b7f8-7f09cbe21df7": {
            "type": "link",
            "settings": {
              "title": "About us",
              "button_link": "shopify:\/\/pages\/about-us",
              "icon_font": "",
              "label": ""
            }
          },
          "a42e9a56-5ef5-4a6b-a5ea-8119749475d0": {
            "type": "special_1",
            "settings": {
              "button_link": "",
              "title": "DAILY DEALS",
              "color": "#ffffff",
              "bg_color": "rgba(0,0,0,0)",
              "color_hv": "",
              "bg_color_hv": ""
            }
          },
          "997853ab-21b4-40d1-9592-61560a962737": {
            "type": "special_1",
            "settings": {
              "button_link": "#",
              "title": "BUY RIODE!",
              "color": "#ffffff",
              "bg_color": "",
              "color_hv": "",
              "bg_color_hv": ""
            }
          }
        },
        "block_order": [
          "b1165e52-fca0-48b8-b771-fea86b3a99bd",
          "a8c5918b-8926-4991-9173-32d9f44402b3",
          "b6d876ba-198c-48de-840c-a53097949c2a",
          "1566368019155",
          "1566368918749",
          "1566370135707",
          "76a027e8-4a7c-4047-aaae-43ffa5950fba",
          "0d7e9196-1a16-4990-840e-0623a47b0eab",
          "1566370958829",
          "f49db72e-161c-45d0-b7f8-7f09cbe21df7",
          "a42e9a56-5ef5-4a6b-a5ea-8119749475d0",
          "997853ab-21b4-40d1-9592-61560a962737"
        ],
        "settings": {
          "use_header_announcement": false,
          "sticky_header_announcement": false,
          "width_announcement": "container",
          "width_content": true,
          "announcement_reponsive": "{\n  \"0\": {\n    \"slidesPerView\": 1,\n    \"spaceBetween\": 0\n  },\n  \"320\": {\n    \"slidesPerView\": 1,\n    \"spaceBetween\": 0\n  },\n  \"768\": {\n    \"slidesPerView\": 1,\n    \"spaceBetween\": 0\n  },\n  \"992\": {\n    \"slidesPerView\": 1,\n    \"spaceBetween\": 0\n  },\n  \"1200\": {\n    \"slidesPerView\": 1,\n    \"spaceBetween\": 0\n  }\n}",
          "announcement_margin_top": "",
          "announcement_margin_bottom": "",
          "announcement_padding": "",
          "color_text_announcement": "#555555",
          "color_text_announcement_hv": "#555555",
          "color_announcement_bg": "#ffffff",
          "announcement_color_bg_op": 1,
          "announcement_onm": false,
          "announcement_ont": false,
          "use_header_top": true,
          "sticky_header_top": true,
          "width_header_top": "container",
          "header_top_margin_top": "",
          "header_top_margin_bottom": "",
          "header_top_padding": "7px 0",
          "color_text_headert": "#555555",
          "color_text_headert_hv": "#555555",
          "color_headt_bg": "#ffffff",
          "color_headt_bg_op": 1,
          "header_top_onm": false,
          "header_top_ont": false,
          "sticky_menu": true,
          "width_header": "container",
          "header_margin_top": "",
          "header_margin_bottom": "",
          "header_padding": "",
          "color_text_header": "#222222",
          "color_text_header_hv": "#e82d7c",
          "color_head_bg": "#ffffff",
          "color_head_bg_op": 1,
          "color_text_headerb": "#ffffff",
          "color_text_headerb_hv": "#e82d7c",
          "color_headb_bg": "#333333",
          "color_headb_bg_op": 1,
          "use_call": true,
          "use_account": false,
          "use_compare": true,
          "use_wishlist": true,
          "use_cart": true,
          "padding_size": 30,
          "main_linklist": ""
        }
      },
      "newsletter-popup": {
        "type": "newsletter-popup",
        "settings": {
          "use_banner": true,
          "popup_newsletter_banner": "shopify:\/\/shop_images\/newsletter-popup.jpg",
          "popup_newsletter_title": "GET <span class=\"text-primary\">25<light>%<\/light><\/span> OFF<br>\n<span style=\"font-size: 32px\">Sign up to <strong style=\"font-weight: 900\">RIODE<\/strong><\/span>",
          "popup_newsletter_description": "<p>Subscribe to the Molla eCommerce newsletter to<br\/> receive timely updates from your favorite products.<\/p>",
          "time_popup_delay": "15000",
          "scroll_popup_delay": "800"
        }
      },
      "kt_mega_mn-vertical": {
        "type": "kt_mega_mn-vertical",
        "blocks": {
          "77447a98-7b2a-4e87-b59a-2f73966af675": {
            "type": "title",
            "settings": {
              "title": "Browse Our Categories"
            }
          },
          "63159770-24a1-4584-bfab-fe7cc5b58b5a": {
            "type": "promo",
            "settings": {
              "name_item": "Travel & Clothing",
              "icon_font": "d-icon-t-shirt1",
              "button_link": "",
              "label": "",
              "menu_links_width": "685px",
              "sub_width": 8,
              "menu_links": "travel-clothing",
              "cols": 2,
              "promo_width": 4,
              "promo_image": "shopify:\/\/shop_images\/banner-3.jpg",
              "padding_0": true,
              "promo_link": "#",
              "use_promo_html": false,
              "page_promo_html": "",
              "textarea_promo_html": ""
            }
          },
          "005c05a8-2568-403f-ba4c-54944de8aea3": {
            "type": "promo",
            "settings": {
              "name_item": "Electronics",
              "icon_font": "d-icon-camera1",
              "button_link": "",
              "label": "",
              "menu_links_width": "685px",
              "sub_width": 8,
              "menu_links": "electronics",
              "cols": 2,
              "promo_width": 4,
              "promo_image": "shopify:\/\/shop_images\/banner-3.jpg",
              "padding_0": true,
              "promo_link": "#",
              "use_promo_html": false,
              "page_promo_html": "",
              "textarea_promo_html": ""
            }
          },
          "1395346d-c97d-4c86-8fd1-61ee751c81a5": {
            "type": "link",
            "settings": {
              "title": "Backpacks & Fashion bags",
              "button_link": "",
              "icon_font": "d-icon-officebag",
              "label": ""
            }
          },
          "c883a56c-ebff-4112-9e1b-ef5d1addb03d": {
            "type": "link",
            "settings": {
              "title": "Gaming & Accessories",
              "button_link": "",
              "icon_font": "d-icon-gamepad1",
              "label": ""
            }
          },
          "a635d26d-77be-4a58-a77a-593a76dd4f2f": {
            "type": "link",
            "settings": {
              "title": "Sporting Goods",
              "button_link": "",
              "icon_font": "d-icon-basketball1",
              "label": ""
            }
          },
          "998f768e-97e5-40bb-9c18-4a9e428cf3db": {
            "type": "link",
            "settings": {
              "title": "Computer",
              "button_link": "",
              "icon_font": "d-icon-desktop",
              "label": ""
            }
          },
          "06a108e2-6cf0-4ec7-874a-5cf6edd3b32c": {
            "type": "link",
            "settings": {
              "title": "Home & Kitchen",
              "button_link": "",
              "icon_font": "d-icon-cook",
              "label": ""
            }
          },
          "1d3f0d2b-cd92-4090-bbf2-abad123a0524": {
            "type": "title",
            "settings": {
              "title": "Today Coupon Deals"
            }
          },
          "4285d420-da46-4801-9fc3-61b22930981a": {
            "type": "link",
            "settings": {
              "title": "Backpacks & Fashion Bags",
              "button_link": "",
              "icon_font": "d-icon-card",
              "label": ""
            }
          },
          "c78217d7-60e8-4e6e-846f-b754fa9e9349": {
            "type": "link",
            "settings": {
              "title": "Daily Deals",
              "button_link": "",
              "icon_font": "d-icon-card",
              "label": ""
            }
          }
        },
        "block_order": [
          "77447a98-7b2a-4e87-b59a-2f73966af675",
          "63159770-24a1-4584-bfab-fe7cc5b58b5a",
          "005c05a8-2568-403f-ba4c-54944de8aea3",
          "1395346d-c97d-4c86-8fd1-61ee751c81a5",
          "c883a56c-ebff-4112-9e1b-ef5d1addb03d",
          "a635d26d-77be-4a58-a77a-593a76dd4f2f",
          "998f768e-97e5-40bb-9c18-4a9e428cf3db",
          "06a108e2-6cf0-4ec7-874a-5cf6edd3b32c",
          "1d3f0d2b-cd92-4090-bbf2-abad123a0524",
          "4285d420-da46-4801-9fc3-61b22930981a",
          "c78217d7-60e8-4e6e-846f-b754fa9e9349"
        ],
        "settings": {
          "title_categories": "Browse Categories",
          "list_categories_2": "",
          "list_categories_2_open": true
        }
      },
      "kt_banner_all_page": {
        "type": "kt_banner_all_page",
        "settings": {
          "title": "Banner all page",
          "off_section": true,
          "off_mobile": false,
          "off_desktop": false,
          "width_section": "container",
          "width_content": true,
          "section_margin_top": "",
          "section_margin_bottom": "",
          "section_padding": "2.5rem 0",
          "section_bg": "#008060",
          "section_bg_op": 1,
          "message": "<p>Now These Bestsellers are back in stock & ready for action!<\/p>",
          "link": "",
          "textBtn": "Shop Now <i class=\"fkt-angle-right\" aria-hidden=\"true\"><\/i>",
          "btn": false,
          "style_btn": "btn-outline-darker",
          "style_btn_rounded": "",
          "btn_shadow": false
        }
      },
      "kt_top_banner": {
        "type": "kt_top_banner",
        "blocks": {
          "30fc4e69-4811-4997-ac38-433fa1dc1e8d": {
            "type": "collection_banner",
            "settings": {
              "off_section": false,
              "off_mobile": false,
              "off_desktop": false,
              "html": "<div class=\"page-header text-center\">\n<h3 class=\"page-subtitle\">CATEGORIES<\/h3>\n<h1 class=\"page-title\">{{collection.title}}<\/h1>\n<\/div>",
              "color_white": true,
              "breadcrumb": true,
              "by_handle_1": "",
              "by_handle_2": "",
              "by_handle_3": "",
              "by_handle_11": "all_handle",
              "width_section": "w-100",
              "width_content": true,
              "section_margin_top": "",
              "section_margin_bottom": "",
              "section_padding": "60px 0",
              "section_bg": "",
              "section_bg_op": 1,
              "image": "shopify:\/\/shop_images\/page-header-back.jpg",
              "link_banner": ""
            }
          },
          "a898b9d9-a825-4877-a93a-b1e8e857bfc9": {
            "type": "page_banner",
            "settings": {
              "off_section": false,
              "off_mobile": false,
              "off_desktop": false,
              "html": "<div class=\"page-header text-center\">\n<h3 class=\"page-subtitle fw-600\">WELCOME RIODE<\/h3>\n\n<h1 class=\"page-title fw-bold text-capitalize mb-1\">Our Services<\/h1>\n\n<p class=\"page-desc text-white mb-0\">Lorem quis bibendum auctor, nisi elit consequat ipsum,<br> nec                    sagittis sem nibh id elit.<\/p>\n<\/div>",
              "color_white": true,
              "breadcrumb": false,
              "by_handle_1": "about-us",
              "by_handle_2": "",
              "by_handle_3": "",
              "by_handle_11": "",
              "width_section": "w-100",
              "width_content": true,
              "section_margin_top": "",
              "section_margin_bottom": "",
              "section_padding": "60px 0",
              "section_bg": "",
              "section_bg_op": 1,
              "image": "shopify:\/\/shop_images\/page-header.jpg",
              "link_banner": ""
            }
          },
          "e60a834f-68d4-47ca-aab5-a4bce5dc194a": {
            "type": "page_banner",
            "settings": {
              "off_section": false,
              "off_mobile": false,
              "off_desktop": false,
              "html": "<div class=\"page-header text-center\">\n<h3 class=\"page-subtitle\">CATEGORIES<\/h3>\n<h1 class=\"page-title\">{{page.title}}<\/h1>\n<\/div>",
              "color_white": true,
              "breadcrumb": true,
              "by_handle_1": "",
              "by_handle_2": "",
              "by_handle_3": "",
              "by_handle_11": "element-buttons, element-typography, element-accordions, element-testimonials, element-alert-notification",
              "width_section": "w-100",
              "width_content": true,
              "section_margin_top": "",
              "section_margin_bottom": "",
              "section_padding": "60px 0",
              "section_bg": "#f2f2f2",
              "section_bg_op": 1,
              "image": "shopify:\/\/shop_images\/page-header.jpg",
              "link_banner": ""
            }
          },
          "9acc149b-043b-4b21-803e-be6217cb4e8a": {
            "type": "page_banner",
            "settings": {
              "off_section": false,
              "off_mobile": false,
              "off_desktop": false,
              "html": "<div class=\"page-header text-center\">\n<h1 class=\"page-title\">{{page.title}}<\/h1>\n<\/div>",
              "color_white": true,
              "breadcrumb": true,
              "by_handle_1": "contact-us",
              "by_handle_2": "",
              "by_handle_3": "",
              "by_handle_11": "",
              "width_section": "w-100",
              "width_content": false,
              "section_margin_top": "",
              "section_margin_bottom": "100px",
              "section_padding": "130px 0",
              "section_bg": "",
              "section_bg_op": 1,
              "image": "shopify:\/\/shop_images\/contact-us.jpg",
              "link_banner": ""
            }
          },
          "2c405e7c-d95d-4c97-8591-86f933ee32eb": {
            "type": "page_banner",
            "settings": {
              "off_section": false,
              "off_mobile": false,
              "off_desktop": false,
              "html": "<div class=\"page-header text-center\">\n<h3 class=\"page-subtitle\">FREQUENTLY<\/h3>\n<h1 class=\"page-title\">Asked Questions<\/h1>\n<\/div>",
              "color_white": true,
              "breadcrumb": false,
              "by_handle_1": "faqs",
              "by_handle_2": "",
              "by_handle_3": "",
              "by_handle_11": "",
              "width_section": "w-100",
              "width_content": true,
              "section_margin_top": "",
              "section_margin_bottom": "",
              "section_padding": "115px 0",
              "section_bg": "",
              "section_bg_op": 1,
              "image": "shopify:\/\/shop_images\/faq.jpg",
              "link_banner": ""
            }
          },
          "fac1838b-ee0e-4b78-ad1f-fec8a2baf0f9": {
            "type": "account_banner",
            "settings": {
              "off_section": false,
              "off_mobile": false,
              "off_desktop": false,
              "html": "<div class=\"page-header text-center\">\n<h1 class=\"page-title\">{{page_title}}<\/h1>\n<\/div>",
              "color_white": true,
              "breadcrumb": true,
              "width_section": "w-100",
              "width_content": true,
              "section_margin_top": "",
              "section_margin_bottom": "",
              "section_padding": "",
              "section_bg": "",
              "section_bg_op": 1,
              "image": "shopify:\/\/shop_images\/page-header-back.jpg",
              "link_banner": ""
            }
          }
        },
        "block_order": [
          "30fc4e69-4811-4997-ac38-433fa1dc1e8d",
          "a898b9d9-a825-4877-a93a-b1e8e857bfc9",
          "e60a834f-68d4-47ca-aab5-a4bce5dc194a",
          "9acc149b-043b-4b21-803e-be6217cb4e8a",
          "2c405e7c-d95d-4c97-8591-86f933ee32eb",
          "fac1838b-ee0e-4b78-ad1f-fec8a2baf0f9"
        ],
        "settings": {
          "title": "(Banner) Page top"
        }
      },
      "password-content": {
        "type": "password-content",
        "settings": {
          "logo_max_width": 100,
          "header": "Coming Soon",
          "bg_image": "shopify:\/\/shop_images\/coming-soon.jpg",
          "countdown": "2021\/10\/26 12:00:00",
          "newsletter_enable": true,
          "newsletter_desc": "<p>We are currently working on an awesome new site. Stay tuned for more information. Subscribe to our newsletter to stay updated on our progress.<\/p>",
          "newsletter_placeholder": "Enter your Email Address",
          "newsletter_button_text": "SUBSCRIBE",
          "show_share_buttons": true,
          "social_message": "",
          "copyright": ""
        }
      },
      "kt_cart_offcanvas": {
        "type": "kt_cart_offcanvas",
        "settings": {
          "edit_it_cart_drawer": true,
          "gift_wrap": true,
          "shipping_calculator": true,
          "note_cart": true,
          "use_threshold": false,
          "text_above": "Taxes calculated at checkout",
          "enable_auto_gift": false,
          "auto_gift_limit": "",
          "auto_gift_product": ""
        }
      },
      "footer": {
        "type": "footer",
        "blocks": {
          "9bc4ee75-1d05-4e93-b3d7-d350eb7949f3": {
            "type": "top_logo_newsletter_01",
            "disabled": true,
            "settings": {
              "col": "col-sm-12 col-lg-12",
              "not_drop": false,
              "logo": true,
              "logo_footer_svg": "",
              "logo_footer": "shopify:\/\/shop_images\/logo-footer.png",
              "logo_footer_max_width": 155,
              "newsletter": true,
              "title_newsletter": "Subscribe to our Newsletter",
              "stitle_newsletter": "Get all the latest information, Sales and Offers."
            }
          },
          "feb28564-db25-4811-bbe9-73693bb2c193": {
            "type": "mid_logo_info_01",
            "settings": {
              "col": "col-sm-6 col-lg-3",
              "not_drop": false,
              "dark_mode": false,
              "logo": true,
              "logo_footer_svg": "",
              "logo_footer": "shopify:\/\/shop_images\/logo-footer_cfe2a565-7b47-43f0-8518-fb9c561d0955.png",
              "logo_footer_max_width": 155,
              "description": true,
              "title_desc": "Contact Info",
              "desc_content": "<ul class=\"list-unstyled widget-body\">\n<li>\n<label>Phone:<\/label>\n<a href=\"tel:1234567890\">Toll Free (123) 456-7890<\/a> \n<\/li>\n<li>\n<label>Email:<\/label><a href=\"mailto:mail@riode.com\">mail@riode.com<\/a>\n<\/li>\n<li>\n<label>Address:<\/label><span>123 Street Name, City, England<\/span>\n<\/li>\n<li><label>WORKING DAYS \/ HOURS:<\/label><\/li>\n<li><span>Mon - Sun \/ 9:00 AM - 8:00 PM<\/span><\/li>\n<\/ul>",
              "call_widget": false,
              "title_phone_00": "Got Question? Call us 24\/7",
              "about_info": false,
              "title_phone_01": "Got Question? Call us 24\/7",
              "payment_method": "Payment Method",
              "payment_url": "",
              "social_media": false
            }
          },
          "6f3718eb-5de0-4c38-b4d1-29fff6c0a639": {
            "type": "mid_link_01",
            "settings": {
              "col": "col-sm-6 col-lg-3",
              "not_drop": false,
              "title": "My Account",
              "footer_link": "my-account"
            }
          },
          "8a864723-14bf-48a8-adfc-0a3885927766": {
            "type": "mid_link_01",
            "settings": {
              "col": "col-sm-6 col-lg-3",
              "not_drop": false,
              "title": "Contact Info",
              "footer_link": "contact-info"
            }
          },
          "cf3488bf-140e-43a9-8a3d-16235472bc78": {
            "type": "bottom_01",
            "settings": {
              "copyright": "",
              "use_payment": true,
              "payment_url": ""
            }
          },
          "a29a3b31-a7e9-4d5b-8c63-554cd12fbf1e": {
            "type": "mid_news_01",
            "disabled": true,
            "settings": {
              "col": "col-sm-6 col-lg-3",
              "not_drop": false,
              "title_newsletter": "Newsletter",
              "desc_newsletter": "Get all the latest information, Sales and Offers.",
              "social_media": true,
              "use_payment": true,
              "payment_url": ""
            }
          },
          "c300f8d9-b7bd-4315-b852-6f011b9bf660": {
            "type": "bottom_02",
            "disabled": true,
            "settings": {
              "use_payment": true,
              "payment_url": "",
              "logo": true,
              "logo_footer_svg": "",
              "logo_footer_max_width": 270,
              "copyright": ""
            }
          },
          "b7de1e78-4b8e-47e8-893a-c249f027db48": {
            "type": "bottom_03",
            "disabled": true,
            "settings": {
              "use_payment": true,
              "payment_url": "",
              "social_media": true,
              "copyright": ""
            }
          },
          "8a0cbd40-1fb5-436c-bb41-a94868d12973": {
            "type": "mid_logo_info_01",
            "settings": {
              "col": "col-sm-6 col-lg-3",
              "not_drop": false,
              "dark_mode": false,
              "logo": false,
              "logo_footer_svg": "",
              "logo_footer": "shopify:\/\/shop_images\/logo-footer.png",
              "logo_footer_max_width": 150,
              "description": true,
              "title_desc": "",
              "desc_content": "Fringilla urna porttitor rhoncus dolor purus luctus venenatis lectus magna fringilla diam maecenas ultricies mi eget mauris.\n<br><br>\nRiode@example.com",
              "call_widget": false,
              "title_phone_00": "Got Question? Call us 24\/7",
              "about_info": false,
              "title_phone_01": "Got Question? Call us 24\/7",
              "payment_method": "Payment Method",
              "payment_url": "",
              "social_media": false
            }
          }
        },
        "block_order": [
          "9bc4ee75-1d05-4e93-b3d7-d350eb7949f3",
          "feb28564-db25-4811-bbe9-73693bb2c193",
          "6f3718eb-5de0-4c38-b4d1-29fff6c0a639",
          "8a864723-14bf-48a8-adfc-0a3885927766",
          "cf3488bf-140e-43a9-8a3d-16235472bc78",
          "a29a3b31-a7e9-4d5b-8c63-554cd12fbf1e",
          "c300f8d9-b7bd-4315-b852-6f011b9bf660",
          "b7de1e78-4b8e-47e8-893a-c249f027db48",
          "8a0cbd40-1fb5-436c-bb41-a94868d12973"
        ],
        "settings": {
          "width_section": "w-100",
          "width_content": true,
          "section_margin_top": "",
          "section_margin_bottom": "",
          "section_padding": "20px 0",
          "section_bg": "#222222",
          "section_bg_op": 1,
          "color": "#888888",
          "color_title": "#ffffff",
          "border_color": "#333333",
          "border_top": false,
          "border_bottom": false,
          "border_color_": "#ebebeb"
        }
      },
      "kt_bottom_bar": {
        "type": "kt_bottom_bar",
        "settings": {
        }
      },
      "kt-dear-customers": {
        "type": "kt-dear-customers",
        "settings": {
        }
      },
      "kt_account_popup": {
        "type": "kt_account_popup",
        "settings": {
        }
      },
      "login-register-template": {
        "type": "login-register-template",
        "settings": {
          "width_section": "w-100",
          "width_content": true,
          "section_margin_top": "",
          "section_margin_bottom": "",
          "section_padding": "65px 0 175px",
          "section_bg": "",
          "section_bg_op": 1
        }
      }
    },
    "content_for_index": [

    ]
  }
}