{"wrapper":"div#kt--filter-js.kt--filter-js","sections":{"1626230664ba278bb4":{"type":"kt_slideshow","blocks":{"1626230664ba278bb4-0":{"type":"image","settings":{"image":"shopify:\/\/shop_images\/banner2.jpg","lazypreload":true,"heading":"RIODE SHOP","font_heading":"poppins_n7","subheading":"Boxed Banner Style","font_subheading":"poppins_n7","description":"","font_description":"poppins_n4","text_alignment_top":50,"text_alignment_left":10,"text_alignment":"","text_alignment_top_mb":50,"text_alignment_left_mb":10,"text_alignment_mb":"","style_btn_1":"btn-white btn-outline","style_btn_rounded_1":"btn-rounded","btn_shadow_1":false,"link_1":"#","textBtn_1":"Discover now","style_btn_2":"btn-outline-primary-2","style_btn_rounded_2":"","btn_shadow_2":false,"link_2":"","textBtn_2":"","turnoff":false,"title":"Item image","width_section":false,"css_block":""}}},"block_order":["1626230664ba278bb4-0"],"settings":{"title":"Slideshow Master","off_mobile":false,"off_desktop":false,"width_section":"container","width_content":false,"section_margin_top":"","section_margin_bottom":"","section_padding":"","section_bg":"","section_bg_op":1,"no_overflow":false,"fullscreen":false,"autoplay":true,"use_navigation":true,"nav_style":"-default","nav_mode":"default","nav_position":"nav-default","use_dots":false,"dots_mode":"default","use_scrollbar":false,"h_reponsive":"303","h_reponsive_768":"","h_reponsive_992":"","h_reponsive_1200":"","h_reponsive_1400":"","autoplay_speed":7,"responsive":"{\n  \"0\": {\n    \"slidesPerView\": 1,\n    \"spaceBetween\": 10\n  },\n  \"320\": {\n    \"slidesPerView\": 1,\n    \"spaceBetween\": 10\n  },\n  \"768\": {\n    \"slidesPerView\": 1,\n    \"spaceBetween\": 10\n  },\n  \"992\": {\n    \"slidesPerView\": 1,\n    \"spaceBetween\": 10\n  },\n  \"1200\": {\n    \"slidesPerView\": 1,\n    \"spaceBetween\": 10\n  }\n}","width_lg":6,"width_xxl":6,"border_radius":10,"css_section":".section_id .slideshow__title{\n    margin-bottom: .6rem;\n    font-size: 1.429em;\n    line-height: 1;\n    color: #fff\n}\n.section_id .slideshow__subtitle{\n    margin-bottom: 2.4rem;\n    font-size: 2.500em;\n    letter-spacing: -.035em;\n    line-height: 1;\n    color: #fff;\n}\n.slideshow__button .btn:not(:hover) {\n    border-color: #919EB2;\n}\n#shopify-section-kt_top_banner{\ndisplay: none;\n}"}},"main":{"type":"collection-template","blocks":{"6adf62aa-bdd2-4e01-87fe-94e57609cf48":{"type":"filter_categories","settings":{"list_categories_linklist":"categories","key":"kt_categories","always_show":false}},"fc496820-ab6c-4f2f-b1cb-77856453150a":{"type":"filter_item","settings":{"title":"Size","tags":"","key":"Size","block_style":"1","use_split":false,"always_show":false}},"92ca61f1-fdfb-4bad-a6ad-17468f154ca6":{"type":"filter_item","settings":{"title":"Color","tags":"","key":"Color","block_style":"5","use_split":false,"always_show":false}},"c7cb9d40-e46e-410f-b9b0-cd69d76956d2":{"type":"filter_item","settings":{"title":"Availability","tags":"","key":"Availability","block_style":"1","use_split":false,"always_show":false}}},"block_order":["6adf62aa-bdd2-4e01-87fe-94e57609cf48","fc496820-ab6c-4f2f-b1cb-77856453150a","92ca61f1-fdfb-4bad-a6ad-17468f154ca6","c7cb9d40-e46e-410f-b9b0-cd69d76956d2"],"settings":{"width_section":"w-100","width_content":true,"sort_enable":true,"masonry":false,"numbershow_enable":true,"gridlist_enable":true,"list_enable":false,"sidebar":"left","grid":"4","layout":"infinity","limit":16,"grid_layout":"","use_flts":true,"filters_type":"sidebar"}}},"order":["1626230664ba278bb4","main"]}