{"layout":"theme.header","sections":{"content":{"type":"main-page","settings":{"width_section":"container","width_content":false,"section_margin_top":"","section_margin_bottom":"","section_padding":"","section_bg":"","section_bg_op":1}},"1628759541df81c60b":{"type":"kt_slideshow_simple","blocks":{"1628759541df81c60b-0":{"type":"image","settings":{"image":"shopify:\/\/shop_images\/1_ff1b637e-74d9-408a-98ca-ff8aa08f9d63.jpg","link_1":"","turnoff":false,"title":"Item image"}}},"block_order":["1628759541df81c60b-0"],"settings":{"title":"Slideshow Simple","off_mobile":false,"off_desktop":false,"width_section":"w-100","width_content":false,"section_margin_top":"","section_margin_bottom":"","section_padding":"","section_bg":"#222222","section_bg_op":1,"no_overflow":false,"fullscreen":false,"autoplay":true,"use_navigation":true,"nav_style":"-default","nav_mode":"default","nav_position":"nav-default","use_dots":false,"dots_mode":"default","use_scrollbar":false,"h_reponsive":"","h_reponsive_320":"","h_reponsive_576":"","h_reponsive_768":"","h_reponsive_992":"","h_reponsive_1200":"","autoplay_speed":7,"responsive":"{\n  \"0\": {\n    \"slidesPerView\": 1,\n    \"spaceBetween\": 10\n  },\n  \"320\": {\n    \"slidesPerView\": 1,\n    \"spaceBetween\": 10\n  },\n  \"768\": {\n    \"slidesPerView\": 1,\n    \"spaceBetween\": 10\n  },\n  \"992\": {\n    \"slidesPerView\": 1,\n    \"spaceBetween\": 10\n  },\n  \"1200\": {\n    \"slidesPerView\": 1,\n    \"spaceBetween\": 10\n  }\n}"}}},"order":["content","1628759541df81c60b"]}