{"layout":"theme.header","sections":{"1628502940867835fb02":{"type":"header-03","blocks":{"1566368019155":{"type":"promo","settings":{"name_item":"Home","button_link":"shopify:\/\/pages\/header-3","icon_font":"","label":"","menu_links_width":"1200px","sub_width":5,"menu_links":"home","menu_links_per_col":"2","promo_width":7,"padding_0":true,"promo_link":"","use_promo_html":true,"page_promo_html":"home-demo","textarea_promo_html":""}},"1566368918749":{"type":"promo","settings":{"name_item":"Categories","button_link":"","icon_font":"","label":"","menu_links_width":"620px","sub_width":8,"menu_links":"categories-1","menu_links_per_col":"2","promo_width":4,"promo_image":"shopify:\/\/shop_images\/banner-1.jpg","padding_0":false,"promo_link":"#","use_promo_html":false,"page_promo_html":"","textarea_promo_html":""}},"1566370135707":{"type":"promo","settings":{"name_item":"Products","button_link":"shopify:\/\/collections\/all","icon_font":"","label":"","menu_links_width":"740px","sub_width":8,"menu_links":"products","menu_links_per_col":"2","promo_width":4,"promo_image":"shopify:\/\/shop_images\/banner-2.jpg","padding_0":false,"promo_link":"#","use_promo_html":false,"page_promo_html":"","textarea_promo_html":""}},"76a027e8-4a7c-4047-aaae-43ffa5950fba":{"type":"standard","settings":{"title":"Pages","button_link":"","icon_font":"","label":"","menu_links":"pages"}},"0d7e9196-1a16-4990-840e-0623a47b0eab":{"type":"standard","settings":{"title":"Blog","button_link":"","icon_font":"","label":"","menu_links":"blog"}},"1566370958829":{"type":"standard","settings":{"title":"Elements","button_link":"#","icon_font":"","label":"","menu_links":"elements"}},"a8c5918b-8926-4991-9173-32d9f44402b3":{"type":"top_menu","settings":{"call_us_show":false,"email_show":false,"social_contact_show":false,"wishlist_show":false,"compare_show":false,"account_show":false,"link_inline_show":false,"link_inline":"","link_dropdown_show":false,"link_dropdown":"","account_dropdown_show":false,"currency_dropdown_show":false,"language_app_show":false,"language_app_html":"","custom_show":true,"custom_html":"<p class=\"welcome-msg\">Welcome to Riode store message or remove it!<\/p>","welcome_msg_show":false,"welcome_msg":"","col":"auto"}},"b6d876ba-198c-48de-840c-a53097949c2a":{"type":"top_menu","settings":{"call_us_show":false,"email_show":false,"social_contact_show":false,"wishlist_show":false,"compare_show":false,"account_show":true,"link_inline_show":true,"link_inline":"top-links","link_dropdown_show":false,"link_dropdown":"","account_dropdown_show":true,"currency_dropdown_show":true,"language_app_show":false,"language_app_html":"","custom_show":false,"custom_html":"","welcome_msg_show":false,"welcome_msg":"","col":"auto"}}},"block_order":["1566368019155","1566368918749","1566370135707","76a027e8-4a7c-4047-aaae-43ffa5950fba","0d7e9196-1a16-4990-840e-0623a47b0eab","1566370958829","a8c5918b-8926-4991-9173-32d9f44402b3","b6d876ba-198c-48de-840c-a53097949c2a"],"settings":{"use_header_announcement":false,"sticky_header_announcement":false,"width_announcement":"container","width_content":true,"announcement_reponsive":"{\n  \"0\": {\n    \"slidesPerView\": 1,\n    \"spaceBetween\": 0\n  },\n  \"320\": {\n    \"slidesPerView\": 1,\n    \"spaceBetween\": 0\n  },\n  \"768\": {\n    \"slidesPerView\": 1,\n    \"spaceBetween\": 0\n  },\n  \"992\": {\n    \"slidesPerView\": 1,\n    \"spaceBetween\": 0\n  },\n  \"1200\": {\n    \"slidesPerView\": 1,\n    \"spaceBetween\": 0\n  }\n}","announcement_margin_top":"","announcement_margin_bottom":"","announcement_padding":"","announcement_onm":false,"announcement_ont":false,"use_header_top":true,"sticky_header_top":true,"width_header_top":"container","header_top_margin_top":"","header_top_margin_bottom":"","header_top_padding":"7px 0","header_top_onm":false,"header_top_ont":false,"sticky_menu":true,"width_header":"container","header_margin_top":"","header_margin_bottom":"","header_padding":"","use_call":true,"use_account":false,"use_compare":true,"use_wishlist":true,"use_cart":true,"main_linklist":""}},"16285827462964ef0a":{"type":"kt_slideshow_simple","blocks":{"16285827462964ef0a-0":{"type":"image","settings":{"image":"shopify:\/\/shop_images\/1_ff1b637e-74d9-408a-98ca-ff8aa08f9d63.jpg","link_1":"","turnoff":false,"title":"Item image"}}},"block_order":["16285827462964ef0a-0"],"settings":{"title":"Slideshow Simple","off_mobile":false,"off_desktop":false,"width_section":"w-100","width_content":false,"section_margin_top":"","section_margin_bottom":"","section_padding":"","section_bg":"","section_bg_op":1,"no_overflow":false,"fullscreen":false,"autoplay":true,"use_navigation":true,"nav_style":"-default","nav_mode":"default","nav_position":"nav-default","use_dots":false,"dots_mode":"default","use_scrollbar":false,"h_reponsive":"","h_reponsive_320":"","h_reponsive_576":"","h_reponsive_768":"","h_reponsive_992":"","h_reponsive_1200":"","autoplay_speed":7,"responsive":"{\n  \"0\": {\n    \"slidesPerView\": 1,\n    \"spaceBetween\": 10\n  },\n  \"320\": {\n    \"slidesPerView\": 1,\n    \"spaceBetween\": 10\n  },\n  \"768\": {\n    \"slidesPerView\": 1,\n    \"spaceBetween\": 10\n  },\n  \"992\": {\n    \"slidesPerView\": 1,\n    \"spaceBetween\": 10\n  },\n  \"1200\": {\n    \"slidesPerView\": 1,\n    \"spaceBetween\": 10\n  }\n}"}}},"order":["1628502940867835fb02","16285827462964ef0a"]}