{"layout":"theme.header","sections":{"1628502940867835fb04":{"type":"header-04","blocks":{"1566368019155":{"type":"promo","settings":{"name_item":"Home","button_link":"shopify:\/\/pages\/header-4","icon_font":"","label":"","menu_links_width":"1200px","sub_width":5,"menu_links":"home","menu_links_per_col":"2","promo_width":7,"padding_0":true,"promo_link":"","use_promo_html":true,"page_promo_html":"home-demo","textarea_promo_html":""}},"76a027e8-4a7c-4047-aaae-43ffa5950fba":{"type":"standard","settings":{"title":"Pages","button_link":"","icon_font":"","label":"","menu_links":"pages"}},"0d7e9196-1a16-4990-840e-0623a47b0eab":{"type":"standard","settings":{"title":"Blog","button_link":"","icon_font":"","label":"","menu_links":"blog"}},"1566370958829":{"type":"standard","settings":{"title":"Elements","button_link":"#","icon_font":"","label":"","menu_links":"elements"}},"a8c5918b-8926-4991-9173-32d9f44402b3":{"type":"top_menu","settings":{"call_us_show":false,"email_show":false,"social_contact_show":false,"wishlist_show":false,"compare_show":false,"account_show":false,"link_inline_show":false,"link_inline":"","link_dropdown_show":false,"link_dropdown":"","account_dropdown_show":false,"currency_dropdown_show":false,"language_app_show":false,"language_app_html":"","custom_show":true,"custom_html":"<p class=\"welcome-msg\">Welcome to Riode store message or remove it!<\/p>","welcome_msg_show":false,"welcome_msg":"","col":"auto"}},"b6d876ba-198c-48de-840c-a53097949c2a":{"type":"top_menu","settings":{"call_us_show":false,"email_show":false,"social_contact_show":false,"wishlist_show":false,"compare_show":false,"account_show":true,"link_inline_show":true,"link_inline":"top-links","link_dropdown_show":false,"link_dropdown":"","account_dropdown_show":true,"currency_dropdown_show":true,"language_app_show":false,"language_app_html":"","custom_show":false,"custom_html":"","welcome_msg_show":false,"welcome_msg":"","col":"auto"}},"f49db72e-161c-45d0-b7f8-7f09cbe21df7":{"type":"link","settings":{"title":"About us","button_link":"shopify:\/\/pages\/about-us","icon_font":"","label":""}}},"block_order":["1566368019155","76a027e8-4a7c-4047-aaae-43ffa5950fba","0d7e9196-1a16-4990-840e-0623a47b0eab","1566370958829","a8c5918b-8926-4991-9173-32d9f44402b3","b6d876ba-198c-48de-840c-a53097949c2a","f49db72e-161c-45d0-b7f8-7f09cbe21df7"],"settings":{"use_header_announcement":false,"sticky_header_announcement":false,"width_announcement":"container","width_content":true,"announcement_reponsive":"{\n  \"0\": {\n    \"slidesPerView\": 1,\n    \"spaceBetween\": 0\n  },\n  \"320\": {\n    \"slidesPerView\": 1,\n    \"spaceBetween\": 0\n  },\n  \"768\": {\n    \"slidesPerView\": 1,\n    \"spaceBetween\": 0\n  },\n  \"992\": {\n    \"slidesPerView\": 1,\n    \"spaceBetween\": 0\n  },\n  \"1200\": {\n    \"slidesPerView\": 1,\n    \"spaceBetween\": 0\n  }\n}","announcement_margin_top":"","announcement_margin_bottom":"","announcement_padding":"","color_text_announcement":"#555","color_text_announcement_hv":"#555","color_announcement_bg":"#fff","announcement_color_bg_op":1,"announcement_onm":false,"announcement_ont":false,"use_header_top":true,"sticky_header_top":true,"width_header_top":"container","header_top_margin_top":"","header_top_margin_bottom":"","header_top_padding":"7px 0","color_text_headert":"#555","color_text_headert_hv":"#555","color_headt_bg":"#fff","color_headt_bg_op":1,"header_top_onm":false,"header_top_ont":false,"sticky_menu":true,"width_header":"container","header_margin_top":"","header_margin_bottom":"","header_padding":"","color_text_header":"#555","color_text_header_hv":"#555","color_head_bg":"#fff","color_head_bg_op":1,"use_call":true,"use_account":true,"use_compare":true,"use_wishlist":false,"use_cart":true,"padding_size":30,"main_linklist":""}},"1628582956b4f657c4":{"type":"kt_slideshow_simple","blocks":{"1628582956b4f657c4-0":{"type":"image","settings":{"image":"shopify:\/\/shop_images\/1_94424979-41db-4d45-a723-c8d339a217bb.jpg","link_1":"","turnoff":false,"title":"Item image"}},"0f0c8cbc-e992-46bf-acf9-202d1036301c":{"type":"image","settings":{"image":"shopify:\/\/shop_images\/2_63d17814-0911-4730-8eb1-d3966fc380e1.jpg","link_1":"","turnoff":false,"title":"Item image"}}},"block_order":["1628582956b4f657c4-0","0f0c8cbc-e992-46bf-acf9-202d1036301c"],"settings":{"title":"Slideshow Simple","off_mobile":false,"off_desktop":false,"width_section":"w-100","width_content":false,"section_margin_top":"","section_margin_bottom":"","section_padding":"","section_bg":"","section_bg_op":1,"no_overflow":false,"fullscreen":false,"autoplay":false,"use_navigation":true,"nav_style":"-default","nav_mode":"default","nav_position":"nav-default","use_dots":false,"dots_mode":"default","use_scrollbar":false,"h_reponsive":"450","h_reponsive_320":"","h_reponsive_576":"","h_reponsive_768":"auto","h_reponsive_992":"","h_reponsive_1200":"","autoplay_speed":7,"responsive":"{\n  \"0\": {\n    \"slidesPerView\": 1,\n    \"spaceBetween\": 10\n  },\n  \"320\": {\n    \"slidesPerView\": 1,\n    \"spaceBetween\": 10\n  },\n  \"768\": {\n    \"slidesPerView\": 1,\n    \"spaceBetween\": 10\n  },\n  \"992\": {\n    \"slidesPerView\": 1,\n    \"spaceBetween\": 10\n  },\n  \"1200\": {\n    \"slidesPerView\": 1,\n    \"spaceBetween\": 10\n  }\n}"}}},"order":["1628502940867835fb04","1628582956b4f657c4"]}