{"layout":"theme.header","sections":{"content":{"type":"main-page","settings":{"width_section":"w-100","width_content":false,"section_margin_top":"","section_margin_bottom":"","section_padding":".1rem 0 0","section_bg":"#e1e1e1","section_bg_op":1}},"1628757516c793e67e":{"type":"kt_slideshow_simple","blocks":{"1628757516c793e67e-0":{"type":"image","settings":{"image":"shopify:\/\/shop_images\/1_51f253b1-a310-48ef-a2ae-3c17bb5e3f2d.jpg","link_1":"","turnoff":false,"title":"Item image"}},"35c9e6e8-3c39-4035-85c5-6cb482252c19":{"type":"image","settings":{"image":"shopify:\/\/shop_images\/2_04ea789b-5449-4ff2-a626-2a4946d9f087.jpg","link_1":"","turnoff":false,"title":"Item image"}}},"block_order":["1628757516c793e67e-0","35c9e6e8-3c39-4035-85c5-6cb482252c19"],"settings":{"title":"Slideshow Simple","off_mobile":false,"off_desktop":false,"width_section":"w-100","width_content":false,"section_margin_top":"","section_margin_bottom":"","section_padding":"","section_bg":"","section_bg_op":1,"no_overflow":false,"fullscreen":false,"autoplay":false,"use_navigation":true,"nav_style":"-default","nav_mode":"default","nav_position":"nav-default","use_dots":false,"dots_mode":"default","use_scrollbar":false,"h_reponsive":"","h_reponsive_320":"","h_reponsive_576":"","h_reponsive_768":"","h_reponsive_992":"","h_reponsive_1200":"","autoplay_speed":7,"responsive":"{\n  \"0\": {\n    \"slidesPerView\": 1,\n    \"spaceBetween\": 10\n  },\n  \"320\": {\n    \"slidesPerView\": 1,\n    \"spaceBetween\": 10\n  },\n  \"768\": {\n    \"slidesPerView\": 1,\n    \"spaceBetween\": 10\n  },\n  \"992\": {\n    \"slidesPerView\": 1,\n    \"spaceBetween\": 10\n  },\n  \"1200\": {\n    \"slidesPerView\": 1,\n    \"spaceBetween\": 10\n  }\n}"}}},"order":["content","1628757516c793e67e"]}