{"sections":{"content":{"type":"main-page","settings":{"width_section":"container","width_content":false,"section_margin_top":"","section_margin_bottom":"","section_padding":"","section_bg":"","section_bg_op":1}},"1633509379ea861af9":{"type":"rd_contact_form","settings":{"title":"Section Contact form","off_mobile":false,"off_desktop":false,"width_section":"container","width_content":false,"section_margin_top":"","section_margin_bottom":"60px","section_padding":"","section_bg":"","section_bg_op":1,"address":"Headquarters","address_content":"<p>1600 Amphitheatre Parkway<br\/>New York WC1 1BA<\/p>","phone":"Phone Number","phone_content":"<p><a href=\"tel:#\">1.800.458.56<\/a><br\/><a href=\"tel:#\">1.800.458.56<\/a><\/p>","support":"Support","support_content":"<p><a href=\"#\">support@your-domain.com<\/a><br\/><a href=\"#\">help@your-domain.com<\/a><br\/><a href=\"#\">Sale<\/a> <\/p>","from_title":"Let’s Connect","from_content":"<p>Your email address will not be published. Required fields are marked *<\/p>"}},"1633571935d8eb2381":{"type":"rd_our_store_1","blocks":{"48c8aa3c-d929-4ecd-a3c2-1a0db6649eb6":{"type":"title","settings":{"title_style":"center","title":"<span style=\"font-size: 30px\">Our store<\/span>","stitle":"","link_to":"","name_link":"","margin_btitle":30}},"3284050c-14f5-4807-b39f-70a4afc639ff":{"type":"item","settings":{"image":"shopify:\/\/shop_images\/store-1.jpg","name":"New York","twitter_link":"#","facebook_link":"#","instagram_link":"#","info":"<p><a href=\"mail:#\">mail@newyorkriodestore.com<\/a><a href=\"tel:#\">Phone: (123) 456-7890<\/a><\/p>"}},"881aeed9-1da1-4d42-9e63-0286adb9d783":{"type":"item","settings":{"image":"shopify:\/\/shop_images\/store-3.jpg","name":"London","twitter_link":"#","facebook_link":"#","instagram_link":"#","info":"<p><a href=\"mail:#\">mail@newyorkriodestore.com<\/a><a href=\"tel:#\">Phone: (123) 456-7890<\/a><\/p>"}},"ed966c12-6316-426f-9d03-8407985a93bb":{"type":"item","settings":{"image":"shopify:\/\/shop_images\/store-2.jpg","name":"Oslo","twitter_link":"#","facebook_link":"#","instagram_link":"#","info":"<p><a href=\"mail:#\">mail@newyorkriodestore.com<\/a><a href=\"tel:#\">Phone: (123) 456-7890<\/a><\/p>"}},"f9416f43-bb63-4871-a1a9-3ef66040f4b8":{"type":"item","settings":{"image":"shopify:\/\/shop_images\/store-4.jpg","name":"Stockholm","twitter_link":"#","facebook_link":"#","instagram_link":"#","info":"<p><a href=\"mail:#\">mail@newyorkriodestore.com<\/a><a href=\"tel:#\">Phone: (123) 456-7890<\/a><\/p>"}}},"block_order":["48c8aa3c-d929-4ecd-a3c2-1a0db6649eb6","3284050c-14f5-4807-b39f-70a4afc639ff","881aeed9-1da1-4d42-9e63-0286adb9d783","ed966c12-6316-426f-9d03-8407985a93bb","f9416f43-bb63-4871-a1a9-3ef66040f4b8"],"settings":{"title":"Our store","off_mobile":false,"off_desktop":false,"width_section":"w-100","width_content":true,"section_margin_top":"","section_margin_bottom":"100px","section_padding":"","section_bg":"","section_bg_op":1,"autoplay":false,"use_navigation":false,"nav_style":"-default","nav_mode":"default","nav_position":"nav-default","use_dots":true,"dots_mode":"default","dots_position":"outside","responsive":"{\n  \"0\": {\n    \"slidesPerView\": 1.3,\n    \"spaceBetween\": 20\n  },\n  \"375\": {\n    \"slidesPerView\": 1.3,\n    \"spaceBetween\": 20\n  },\n  \"768\": {\n    \"slidesPerView\": 3,\n    \"spaceBetween\": 20\n  },\n  \"992\": {\n    \"slidesPerView\": 4,\n    \"spaceBetween\": 20\n  },\n  \"1200\": {\n    \"slidesPerView\": 4,\n    \"spaceBetween\": 20\n  },\n  \"1500\": {\n    \"slidesPerView\": 4,\n    \"spaceBetween\": 20\n  }\n}"}},"16336019809d2550fe":{"type":"kt_HTML","blocks":{"93599e27-3487-4177-a65f-3e5bc90de50a":{"type":"content2","settings":{"text":"<div class=\"ratio\" style=\"    --bs-aspect-ratio: 390px;\"><iframe src=\"https:\/\/www.google.com\/maps\/embed?pb=!1m18!1m12!1m3!1d2483.544156289421!2d-0.12181368367820722!3d51.50323211882805!2m3!1f0!2f0!3f0!3m2!1i1024!2i768!4f13.1!3m3!1m2!1s0x487604c71a3d651f%3A0x72367f97712bc0ee!2sLondon%20Eye!5e0!3m2!1sen!2s!4v1647141060616!5m2!1sen!2s\" width=\"600\" height=\"450\" style=\"border:0;\" allowfullscreen=\"\" loading=\"lazy\"><\/iframe>\n<\/div>"}}},"block_order":["93599e27-3487-4177-a65f-3e5bc90de50a"],"settings":{"title":"Section Customize","off_mobile":false,"off_desktop":false,"width_section":"w-100","width_content":false,"section_margin_top":"","section_margin_bottom":"","section_padding":"","section_bg":"","section_bg_op":1,"title_section":"","stitle_section":"","reverse":false,"title_align":"","link_to":"","name_link":"","margin_btitle":30,"border_top":true,"border_bottom":false,"border_color":"#ebebeb"}}},"order":["content","1633509379ea861af9","1633571935d8eb2381","16336019809d2550fe"]}