{"wrapper":"div#kt--psgl-js.kt--psgl-js","sections":{"main":{"type":"product-template","blocks":{"bff05202-1be8-4055-997c-43d939b52504":{"type":"tb_description","settings":{"show_tab":true,"tab_title":"Description","tab_width":"container"}},"aca72470-33d6-4838-9b5b-0d1d9184a25a":{"type":"tb_details","settings":{"show_tab":true,"tab_title":"Additional information","show_vendor":true,"show_type":true,"show_sku":true,"show_weight":true}},"66e69a7f-4c15-4450-928a-80df1e930dfe":{"type":"tb_shipping","disabled":true,"settings":{"show_tab":true,"tab_title":"Shipping & Returns","use_delivery_time":true}},"63e2b185-f4e8-4401-a5e5-0beda8f8d18a":{"type":"tb_review","settings":{"show_tab":true,"tab_title":"Review(s)"}},"bf34c83d-4269-44b6-877b-4d8539c806b3":{"type":"ct_custom","disabled":true,"settings":{"text":"","page":""}},"ec76089e-113d-4749-9434-2ee4dab2d1bd":{"type":"sb_shipping","settings":{"color_icon":"#333333","color_title":"#333333","color_desc":"#666666","title_font_weight":"600","icon_font_1":"d-icon-secure","title_1":"Secured Payment","content_1":"We secure payment!","url_1":"","icon_font_2":"d-icon-truck","title_2":"Free Shipping","content_2":"For all orders over {{9900|money}}","url_2":"","icon_font_3":"d-icon-money","title_3":"Money Back","content_3":"Any back within 30 days","url_3":""}},"f30f4eaf-8d01-462e-a03b-25f0a6f73e2d":{"type":"sb_banner","settings":{"img":"shopify:\/\/shop_images\/product-banner-1.jpg","url":"shopify:\/\/collections\/sports-shoes-h11-2"}},"203e312e-132f-4c63-b2c8-53473903f7eb":{"type":"sb_related","settings":{"block_title":"Related Product","product_items":4}}},"block_order":["bff05202-1be8-4055-997c-43d939b52504","aca72470-33d6-4838-9b5b-0d1d9184a25a","66e69a7f-4c15-4450-928a-80df1e930dfe","63e2b185-f4e8-4401-a5e5-0beda8f8d18a","bf34c83d-4269-44b6-877b-4d8539c806b3","ec76089e-113d-4749-9434-2ee4dab2d1bd","f30f4eaf-8d01-462e-a03b-25f0a6f73e2d","203e312e-132f-4c63-b2c8-53473903f7eb"],"settings":{"width_section":"w-100","width_content":true,"layout":"2","sidebar_left":true,"img_type_prd_single":"normal","use_thumb":true,"use_thumb_vertical":false,"use_thumb_hidden_on_mb":false,"show_shortdes":true,"shortdes_type":"short","gallery":false,"use_zoom":true,"use_wide":false,"use_ask":true,"use_notify_onavai":false,"use_d_c_b":false,"show_quantity_selector":true,"show_add_to_cart_btn":true,"atc_btn":"btn-primary","atc_btn_rounded":"btn-rounded","atc_btn_shadow":true,"atc_btn_big":false,"atc_btn_ani":false,"layout_tabs":"1"}},"kt_recently-viewed-products":{"type":"kt_recently-viewed-products","settings":{"title":"Recently viewed Products","off_section":true,"off_mobile":false,"off_desktop":false,"width_section":"container","width_content":true,"section_margin_top":"","section_margin_bottom":"","section_padding":"","section_bg":"","section_bg_op":1,"autoplay":false,"use_navigation":true,"nav_style":"-default","nav_mode":"default","nav_position":"nav-default","use_dots":false,"dots_mode":"default","dots_position":"inside","responsive":"{\n  \"0\": {\n    \"slidesPerView\": 1,\n    \"spaceBetween\": 0\n  },\n  \"375\": {\n    \"slidesPerView\": 2,\n    \"spaceBetween\": 10\n  },\n  \"768\": {\n    \"slidesPerView\": 3,\n    \"spaceBetween\": 20\n  },\n  \"992\": {\n    \"slidesPerView\": 4,\n    \"spaceBetween\": 20\n  },\n  \"1200\": {\n    \"slidesPerView\": 5,\n    \"spaceBetween\": 20\n  },\n  \"1500\": {\n    \"slidesPerView\": 6,\n    \"spaceBetween\": 20\n  }\n}"}},"kt_related-products":{"type":"kt_related-products","blocks":{"fb1607a6-546d-4bfa-9a0f-e7d2072f6d58":{"type":"title","settings":{"title_style":"center","title":"Related Products","stitle":"","link_to":"","name_link":"","margin_btitle":30}}},"block_order":["fb1607a6-546d-4bfa-9a0f-e7d2072f6d58"],"settings":{"title":"Related Products","off_section":false,"off_mobile":false,"off_desktop":false,"width_section":"w-100","width_content":true,"section_margin_top":"","section_margin_bottom":"60px","section_padding":"","section_bg":"","section_bg_op":1,"product_items":8,"autoplay":false,"use_navigation":false,"nav_style":"-default","nav_mode":"default","nav_position":"nav-default","use_dots":true,"dots_mode":"default","dots_position":"outside","responsive":"{\n  \"0\": {\n    \"slidesPerView\": 1.3,\n    \"spaceBetween\": 0\n  },\n  \"375\": {\n    \"slidesPerView\": 2,\n    \"spaceBetween\": 10\n  },\n  \"768\": {\n    \"slidesPerView\": 3,\n    \"spaceBetween\": 20\n  },\n  \"992\": {\n    \"slidesPerView\": 4,\n    \"spaceBetween\": 20\n  },\n  \"1200\": {\n    \"slidesPerView\": 5,\n    \"spaceBetween\": 20\n  },\n  \"1500\": {\n    \"slidesPerView\": 5,\n    \"spaceBetween\": 20\n  }\n}"}}},"order":["main","kt_recently-viewed-products","kt_related-products"]}